ID	Description	GeneRatio	BgRatio	pvalue	p.adjust	qvalue	geneID	Count	genome	KO	desc	scaffold	start	end	gene_symbol	protein_domain	evalue	strand	ncbitaxid	taxlineage	taxgroup	taxclade
path:map01120	Microbial metabolism in diverse environments	6/12	73/614	0.0011959091973145367	0.009367271948921585	0.008451673938876619	AAA795-I06_00167	6	AAA795-I06	K01912	Coenzyme F390 synthetase-like protein	AAA795-I06_10	4479	5930	NA	NA	NA	+	1219	cellular organisms;Bacteria;Terrabacteria group;Cyanobacteria/Melainabacteria group;Cyanobacteria;Synechococcales;Prochloraceae;Prochlorococcus;Prochlorococus clade HL;Prochlorococus subclade HLII;Prochlorococus sp. AAA795-I06	prochlorococcus	ProHL2
path:map00520	Amino sugar and nucleotide sugar metabolism	4/12	28/614	0.001338181706988798	0.009367271948921585	0.008451673938876619	AAA795-I06_00168	4	AAA795-I06	K01654,K15898,K18430	synthase	AAA795-I06_10	5969	7009	NA	NA	NA	-	1219	cellular organisms;Bacteria;Terrabacteria group;Cyanobacteria/Melainabacteria group;Cyanobacteria;Synechococcales;Prochloraceae;Prochlorococcus;Prochlorococus clade HL;Prochlorococus subclade HLII;Prochlorococus sp. AAA795-I06	prochlorococcus	ProHL2
path:map01120	Microbial metabolism in diverse environments	6/12	73/614	0.0011959091973145367	0.009367271948921585	0.008451673938876619	AAA795-I06_00172	6	AAA795-I06	K01845,K07257,K15681	Aminotransferase class-III	AAA795-I06_10	10376	12436	NA	NA	NA	-	1219	cellular organisms;Bacteria;Terrabacteria group;Cyanobacteria/Melainabacteria group;Cyanobacteria;Synechococcales;Prochloraceae;Prochlorococcus;Prochlorococus clade HL;Prochlorococus subclade HLII;Prochlorococus sp. AAA795-I06	prochlorococcus	ProHL2
path:map00520	Amino sugar and nucleotide sugar metabolism	4/12	28/614	0.001338181706988798	0.009367271948921585	0.008451673938876619	AAA795-I06_00175	4	AAA795-I06	K13010,K15895	DegT/DnrJ/EryC1/StrS aminotransferase family	AAA795-I06_10	13978	15183	NA	NA	NA	-	1219	cellular organisms;Bacteria;Terrabacteria group;Cyanobacteria/Melainabacteria group;Cyanobacteria;Synechococcales;Prochloraceae;Prochlorococcus;Prochlorococus clade HL;Prochlorococus subclade HLII;Prochlorococus sp. AAA795-I06	prochlorococcus	ProHL2
path:map00520	Amino sugar and nucleotide sugar metabolism	4/12	28/614	0.001338181706988798	0.009367271948921585	0.008451673938876619	AAA795-I06_00176	4	AAA795-I06	K15894,K17716	Polysaccharide biosynthesis protein	AAA795-I06_10	15290	16303	NA	NA	NA	-	1219	cellular organisms;Bacteria;Terrabacteria group;Cyanobacteria/Melainabacteria group;Cyanobacteria;Synechococcales;Prochloraceae;Prochlorococcus;Prochlorococus clade HL;Prochlorococus subclade HLII;Prochlorococus sp. AAA795-I06	prochlorococcus	ProHL2
path:map01120	Microbial metabolism in diverse environments	6/12	73/614	0.0011959091973145367	0.009367271948921585	0.008451673938876619	AAA795-I06_00178	6	AAA795-I06	K01841,K03417	Phosphoenolpyruvate phosphomutase	AAA795-I06_10	17168	18469	PEPM	TIGR02320	1.4e-122	+	1219	cellular organisms;Bacteria;Terrabacteria group;Cyanobacteria/Melainabacteria group;Cyanobacteria;Synechococcales;Prochloraceae;Prochlorococcus;Prochlorococus clade HL;Prochlorococus subclade HLII;Prochlorococus sp. AAA795-I06	prochlorococcus	ProHL2
path:map01120	Microbial metabolism in diverse environments	6/12	73/614	0.0011959091973145367	0.009367271948921585	0.008451673938876619	AAA795-I06_00179	6	AAA795-I06	K09459	Phosphonopyruvate decarboxylase	AAA795-I06_10	18470	19621	PPDA	TIGR03297	3.1e-144	+	1219	cellular organisms;Bacteria;Terrabacteria group;Cyanobacteria/Melainabacteria group;Cyanobacteria;Synechococcales;Prochloraceae;Prochlorococcus;Prochlorococus clade HL;Prochlorococus subclade HLII;Prochlorococus sp. AAA795-I06	prochlorococcus	ProHL2
path:map01120	Microbial metabolism in diverse environments	6/12	73/614	0.0011959091973145367	0.009367271948921585	0.008451673938876619	AAA795-I06_00180	6	AAA795-I06	K00001	iron-containing alcohol dehydrogenase	AAA795-I06_10	19634	20761	PPDH	PF00465	1.1e-79	+	1219	cellular organisms;Bacteria;Terrabacteria group;Cyanobacteria/Melainabacteria group;Cyanobacteria;Synechococcales;Prochloraceae;Prochlorococcus;Prochlorococus clade HL;Prochlorococus subclade HLII;Prochlorococus sp. AAA795-I06	prochlorococcus	ProHL2
path:map00520	Amino sugar and nucleotide sugar metabolism	4/12	28/614	0.001338181706988798	0.009367271948921585	0.008451673938876619	AAA795-I06_00188	4	AAA795-I06	K00604,K10011	Modifies the free amino group of the aminoacyl moiety of methionyl-tRNA(fMet). The formyl group appears to play a dual role in the initiator identity of N-formylmethionyl-tRNA by (I) promoting its recognition by IF2 and (II) impairing its binding to EFTu-GTP (By similarity)	AAA795-I06_10	26945	27910	NA	NA	NA	-	1219	cellular organisms;Bacteria;Terrabacteria group;Cyanobacteria/Melainabacteria group;Cyanobacteria;Synechococcales;Prochloraceae;Prochlorococcus;Prochlorococus clade HL;Prochlorococus subclade HLII;Prochlorococus sp. AAA795-I06	prochlorococcus	ProHL2
path:map01120	Microbial metabolism in diverse environments	6/12	73/614	0.0011959091973145367	0.009367271948921585	0.008451673938876619	AAA795-I06_00191	6	AAA795-I06	K01783	ribulose-phosphate 3-epimerase	AAA795-I06_10	30867	34691	NA	NA	NA	-	1219	cellular organisms;Bacteria;Terrabacteria group;Cyanobacteria/Melainabacteria group;Cyanobacteria;Synechococcales;Prochloraceae;Prochlorococcus;Prochlorococus clade HL;Prochlorococus subclade HLII;Prochlorococus sp. AAA795-I06	prochlorococcus	ProHL2
path:map00760	Nicotinate and nicotinamide metabolism	3/14	10/599	0.001111490751320676	0.013337889015848111	0.0116999026454808	AG-325-E08_00869	3	AG-325-E08	K00325	The transhydrogenation between NADH and NADP is coupled to respiration and ATP hydrolysis and functions as a proton pump across the membrane (By similarity)	AG-325-E08_13	16297	17694	NA	NA	NA	-	2162023	Bacteria;Proteobacteria;Alphaproteobacteria;Pelagibacterales;Pelagibacterales clade Ia;Pelagibacterales subclade Ia_3;Pelagibacterales subsubclade Ia_3a;Pelagibacterales bacterium sp. AG-345-O09	pelagibacterales	Pel1a
path:map00760	Nicotinate and nicotinamide metabolism	3/14	10/599	0.001111490751320676	0.013337889015848111	0.0116999026454808	AG-325-E08_00870	3	AG-325-E08	K00322,K00324	transhydrogenase (subunit alpha	AG-325-E08_13	17694	18002	NA	NA	NA	-	2162023	Bacteria;Proteobacteria;Alphaproteobacteria;Pelagibacterales;Pelagibacterales clade Ia;Pelagibacterales subclade Ia_3;Pelagibacterales subsubclade Ia_3a;Pelagibacterales bacterium sp. AG-345-O09	pelagibacterales	Pel1a
path:map00760	Nicotinate and nicotinamide metabolism	3/14	10/599	0.001111490751320676	0.013337889015848111	0.0116999026454808	AG-325-E08_00871	3	AG-325-E08	K00324	The transhydrogenation between NADH and NADP is coupled to respiration and ATP hydrolysis and functions as a proton pump across the membrane (By similarity)	AG-325-E08_13	18007	19095	NA	NA	NA	-	2162023	Bacteria;Proteobacteria;Alphaproteobacteria;Pelagibacterales;Pelagibacterales clade Ia;Pelagibacterales subclade Ia_3;Pelagibacterales subsubclade Ia_3a;Pelagibacterales bacterium sp. AG-345-O09	pelagibacterales	Pel1a
path:map00760	Nicotinate and nicotinamide metabolism	3/17	12/538	0.0048489452295958834	0.022628411071447457	0.013611074328690199	AG-345-F21_00668	3	AG-345-F21	K00324	The transhydrogenation between NADH and NADP is coupled to respiration and ATP hydrolysis and functions as a proton pump across the membrane (By similarity)	AG-345-F21_10	13592	14686	NA	NA	NA	+	2162037	Bacteria;Proteobacteria;Alphaproteobacteria;Pelagibacterales;Pelagibacterales clade IIa;Pelagibacterales subclade IIa_1;Pelagibacterales bacterium sp. AG-345-F21	pelagibacterales	Pel2a
path:map00760	Nicotinate and nicotinamide metabolism	3/17	12/538	0.0048489452295958834	0.022628411071447457	0.013611074328690199	AG-345-F21_00669	3	AG-345-F21	K00322,K00324	transhydrogenase (subunit alpha	AG-345-F21_10	14689	15000	NA	NA	NA	+	2162037	Bacteria;Proteobacteria;Alphaproteobacteria;Pelagibacterales;Pelagibacterales clade IIa;Pelagibacterales subclade IIa_1;Pelagibacterales bacterium sp. AG-345-F21	pelagibacterales	Pel2a
path:map00760	Nicotinate and nicotinamide metabolism	3/17	12/538	0.0048489452295958834	0.022628411071447457	0.013611074328690199	AG-345-F21_00670	3	AG-345-F21	K00325	The transhydrogenation between NADH and NADP is coupled to respiration and ATP hydrolysis and functions as a proton pump across the membrane (By similarity)	AG-345-F21_10	15000	16403	NA	NA	NA	+	2162037	Bacteria;Proteobacteria;Alphaproteobacteria;Pelagibacterales;Pelagibacterales clade IIa;Pelagibacterales subclade IIa_1;Pelagibacterales bacterium sp. AG-345-F21	pelagibacterales	Pel2a
path:map00030	Pentose phosphate pathway	3/17	12/538	0.0048489452295958834	0.022628411071447457	0.013611074328690199	AG-345-F21_00671	3	AG-345-F21	K00616	Transaldolase	AG-345-F21_10	16403	17101	NA	NA	NA	+	2162037	Bacteria;Proteobacteria;Alphaproteobacteria;Pelagibacterales;Pelagibacterales clade IIa;Pelagibacterales subclade IIa_1;Pelagibacterales bacterium sp. AG-345-F21	pelagibacterales	Pel2a
path:map00710	Carbon fixation in photosynthetic organisms	3/17	10/538	0.0027519307410313184	0.022628411071447457	0.013611074328690199	AG-345-F21_00681	3	AG-345-F21	K01623	fructose-bisphosphate aldolase	AG-345-F21_10	22294	23307	NA	NA	NA	-	2162037	Bacteria;Proteobacteria;Alphaproteobacteria;Pelagibacterales;Pelagibacterales clade IIa;Pelagibacterales subclade IIa_1;Pelagibacterales bacterium sp. AG-345-F21	pelagibacterales	Pel2a
path:map00030	Pentose phosphate pathway	3/17	12/538	0.0048489452295958834	0.022628411071447457	0.013611074328690199	AG-345-F21_00681	3	AG-345-F21	K01623	fructose-bisphosphate aldolase	AG-345-F21_10	22294	23307	NA	NA	NA	-	2162037	Bacteria;Proteobacteria;Alphaproteobacteria;Pelagibacterales;Pelagibacterales clade IIa;Pelagibacterales subclade IIa_1;Pelagibacterales bacterium sp. AG-345-F21	pelagibacterales	Pel2a
path:map00710	Carbon fixation in photosynthetic organisms	3/17	10/538	0.0027519307410313184	0.022628411071447457	0.013611074328690199	AG-345-F21_00682	3	AG-345-F21	K00927,K01803	Phosphoglycerate kinase	AG-345-F21_10	23317	24507	NA	NA	NA	-	2162037	Bacteria;Proteobacteria;Alphaproteobacteria;Pelagibacterales;Pelagibacterales clade IIa;Pelagibacterales subclade IIa_1;Pelagibacterales bacterium sp. AG-345-F21	pelagibacterales	Pel2a
path:map00710	Carbon fixation in photosynthetic organisms	3/17	10/538	0.0027519307410313184	0.022628411071447457	0.013611074328690199	AG-345-F21_00683	3	AG-345-F21	K00615	Transketolase (EC 2.2.1.1)	AG-345-F21_10	24519	26501	NA	NA	NA	-	2162037	Bacteria;Proteobacteria;Alphaproteobacteria;Pelagibacterales;Pelagibacterales clade IIa;Pelagibacterales subclade IIa_1;Pelagibacterales bacterium sp. AG-345-F21	pelagibacterales	Pel2a
path:map00030	Pentose phosphate pathway	3/17	12/538	0.0048489452295958834	0.022628411071447457	0.013611074328690199	AG-345-F21_00683	3	AG-345-F21	K00615	Transketolase (EC 2.2.1.1)	AG-345-F21_10	24519	26501	NA	NA	NA	-	2162037	Bacteria;Proteobacteria;Alphaproteobacteria;Pelagibacterales;Pelagibacterales clade IIa;Pelagibacterales subclade IIa_1;Pelagibacterales bacterium sp. AG-345-F21	pelagibacterales	Pel2a
path:map01130	Biosynthesis of antibiotics	4/4	139/709	0.0014264276690788202	0.007132138345394101	0.004504508428669958	AG-347-I06_01753	4	AG-347-I06	K00067	dtdp-4-dehydrorhamnose reductase	AG-347-I06_13	130	780	NA	NA	NA	+	2162152	cellular organisms;Bacteria;Terrabacteria group;Cyanobacteria/Melainabacteria group;Cyanobacteria;Synechococcales;Prochloraceae;Prochlorococcus;Prochlorococus clade HL;Prochlorococus subclade HLII;Prochlorococus sp. SB	prochlorococcus	ProHL2
path:map01130	Biosynthesis of antibiotics	4/4	139/709	0.0014264276690788202	0.007132138345394101	0.004504508428669958	AG-347-I06_01754	4	AG-347-I06	K00001	iron-containing alcohol dehydrogenase	AG-347-I06_13	911	2038	PPDH	PF00465	6.6e-76	-	2162152	cellular organisms;Bacteria;Terrabacteria group;Cyanobacteria/Melainabacteria group;Cyanobacteria;Synechococcales;Prochloraceae;Prochlorococcus;Prochlorococus clade HL;Prochlorococus subclade HLII;Prochlorococus sp. SB	prochlorococcus	ProHL2
path:map01120	Microbial metabolism in diverse environments	3/4	87/709	0.006528358360874635	0.016320895902186588	0.010307934254012581	AG-347-I06_01754	3	AG-347-I06	K00001	iron-containing alcohol dehydrogenase	AG-347-I06_13	911	2038	PPDH	PF00465	6.6e-76	-	2162152	cellular organisms;Bacteria;Terrabacteria group;Cyanobacteria/Melainabacteria group;Cyanobacteria;Synechococcales;Prochloraceae;Prochlorococcus;Prochlorococus clade HL;Prochlorococus subclade HLII;Prochlorococus sp. SB	prochlorococcus	ProHL2
path:map01130	Biosynthesis of antibiotics	4/4	139/709	0.0014264276690788202	0.007132138345394101	0.004504508428669958	AG-347-I06_01755	4	AG-347-I06	K09459	Phosphonopyruvate decarboxylase	AG-347-I06_13	2042	3202	PPDA	TIGR03297	4.5e-147	-	2162152	cellular organisms;Bacteria;Terrabacteria group;Cyanobacteria/Melainabacteria group;Cyanobacteria;Synechococcales;Prochloraceae;Prochlorococcus;Prochlorococus clade HL;Prochlorococus subclade HLII;Prochlorococus sp. SB	prochlorococcus	ProHL2
path:map01120	Microbial metabolism in diverse environments	3/4	87/709	0.006528358360874635	0.016320895902186588	0.010307934254012581	AG-347-I06_01755	3	AG-347-I06	K09459	Phosphonopyruvate decarboxylase	AG-347-I06_13	2042	3202	PPDA	TIGR03297	4.5e-147	-	2162152	cellular organisms;Bacteria;Terrabacteria group;Cyanobacteria/Melainabacteria group;Cyanobacteria;Synechococcales;Prochloraceae;Prochlorococcus;Prochlorococus clade HL;Prochlorococus subclade HLII;Prochlorococus sp. SB	prochlorococcus	ProHL2
path:map01130	Biosynthesis of antibiotics	4/4	139/709	0.0014264276690788202	0.007132138345394101	0.004504508428669958	AG-347-I06_01756	4	AG-347-I06	K01841,K03417	Phosphoenolpyruvate phosphomutase	AG-347-I06_13	3203	4504	PEPM	TIGR02320	1.3e-121	-	2162152	cellular organisms;Bacteria;Terrabacteria group;Cyanobacteria/Melainabacteria group;Cyanobacteria;Synechococcales;Prochloraceae;Prochlorococcus;Prochlorococus clade HL;Prochlorococus subclade HLII;Prochlorococus sp. SB	prochlorococcus	ProHL2
path:map01120	Microbial metabolism in diverse environments	3/4	87/709	0.006528358360874635	0.016320895902186588	0.010307934254012581	AG-347-I06_01756	3	AG-347-I06	K01841,K03417	Phosphoenolpyruvate phosphomutase	AG-347-I06_13	3203	4504	PEPM	TIGR02320	1.3e-121	-	2162152	cellular organisms;Bacteria;Terrabacteria group;Cyanobacteria/Melainabacteria group;Cyanobacteria;Synechococcales;Prochloraceae;Prochlorococcus;Prochlorococus clade HL;Prochlorococus subclade HLII;Prochlorococus sp. SB	prochlorococcus	ProHL2
path:map01120	Microbial metabolism in diverse environments	3/3	62/484	0.0020138784017878046	0.012083270410726828	0.008479488007527599	AG-347-I22_01064	3	AG-347-I22	K00001,K12904,K18120	alcohol dehydrogenase	AG-347-I22_42	1654	2784	PPDH	PF00465	1.5e-70	-	2162156	cellular organisms;Bacteria;Terrabacteria group;Cyanobacteria/Melainabacteria group;Cyanobacteria;Synechococcales;Prochloraceae;Prochlorococcus;Prochlorococus clade HL;Prochlorococus subclade HLII;Prochlorococus sp. SB	prochlorococcus	ProHL2
path:map01130	Biosynthesis of antibiotics	3/3	90/484	0.006255696315230859	0.018767088945692574	0.013169886979433384	AG-347-I22_01064	3	AG-347-I22	K00001,K12904,K18120	alcohol dehydrogenase	AG-347-I22_42	1654	2784	PPDH	PF00465	1.5e-70	-	2162156	cellular organisms;Bacteria;Terrabacteria group;Cyanobacteria/Melainabacteria group;Cyanobacteria;Synechococcales;Prochloraceae;Prochlorococcus;Prochlorococus clade HL;Prochlorococus subclade HLII;Prochlorococus sp. SB	prochlorococcus	ProHL2
path:map01120	Microbial metabolism in diverse environments	3/3	62/484	0.0020138784017878046	0.012083270410726828	0.008479488007527599	AG-347-I22_01065	3	AG-347-I22	K09459	Phosphonopyruvate decarboxylase	AG-347-I22_42	2785	3930	PPDA	TIGR03297	1.4e-143	-	2162156	cellular organisms;Bacteria;Terrabacteria group;Cyanobacteria/Melainabacteria group;Cyanobacteria;Synechococcales;Prochloraceae;Prochlorococcus;Prochlorococus clade HL;Prochlorococus subclade HLII;Prochlorococus sp. SB	prochlorococcus	ProHL2
path:map01130	Biosynthesis of antibiotics	3/3	90/484	0.006255696315230859	0.018767088945692574	0.013169886979433384	AG-347-I22_01065	3	AG-347-I22	K09459	Phosphonopyruvate decarboxylase	AG-347-I22_42	2785	3930	PPDA	TIGR03297	1.4e-143	-	2162156	cellular organisms;Bacteria;Terrabacteria group;Cyanobacteria/Melainabacteria group;Cyanobacteria;Synechococcales;Prochloraceae;Prochlorococcus;Prochlorococus clade HL;Prochlorococus subclade HLII;Prochlorococus sp. SB	prochlorococcus	ProHL2
path:map01120	Microbial metabolism in diverse environments	3/3	62/484	0.0020138784017878046	0.012083270410726828	0.008479488007527599	AG-347-I22_01066	3	AG-347-I22	K01841,K03417	Phosphoenolpyruvate phosphomutase	AG-347-I22_42	3923	5233	PEPM	TIGR02320	1.3e-125	-	2162156	cellular organisms;Bacteria;Terrabacteria group;Cyanobacteria/Melainabacteria group;Cyanobacteria;Synechococcales;Prochloraceae;Prochlorococcus;Prochlorococus clade HL;Prochlorococus subclade HLII;Prochlorococus sp. SB	prochlorococcus	ProHL2
path:map01130	Biosynthesis of antibiotics	3/3	90/484	0.006255696315230859	0.018767088945692574	0.013169886979433384	AG-347-I22_01066	3	AG-347-I22	K01841,K03417	Phosphoenolpyruvate phosphomutase	AG-347-I22_42	3923	5233	PEPM	TIGR02320	1.3e-125	-	2162156	cellular organisms;Bacteria;Terrabacteria group;Cyanobacteria/Melainabacteria group;Cyanobacteria;Synechococcales;Prochloraceae;Prochlorococcus;Prochlorococus clade HL;Prochlorococus subclade HLII;Prochlorococus sp. SB	prochlorococcus	ProHL2
path:map01210	2-Oxocarboxylic acid metabolism	4/14	19/599	5.956436892687526e-4	0.013104161163912557	0.010658887071125046	AG-390-C22_00314	4	AG-390-C22	K01649	Catalyzes the condensation of the acetyl group of acetyl-CoA with 3-methyl-2-oxobutanoate (2-oxoisovalerate) to form 3-carboxy-3-hydroxy-4-methylpentanoate (2-isopropylmalate) (By similarity)	AG-390-C22_2	99661	101217	NA	NA	NA	-	2161986	Bacteria;Proteobacteria;Alphaproteobacteria;Pelagibacterales;Pelagibacterales clade IIa;Pelagibacterales subclade IIa_1;Pelagibacterales bacterium sp. AG-390-C22	pelagibacterales	Pel2a
path:map01210	2-Oxocarboxylic acid metabolism	4/14	19/599	5.956436892687526e-4	0.013104161163912557	0.010658887071125046	AG-390-C22_00315	4	AG-390-C22	K00053	Alpha-keto-beta-hydroxylacyl reductoisomerase	AG-390-C22_2	101301	102320	NA	NA	NA	-	2161986	Bacteria;Proteobacteria;Alphaproteobacteria;Pelagibacterales;Pelagibacterales clade IIa;Pelagibacterales subclade IIa_1;Pelagibacterales bacterium sp. AG-390-C22	pelagibacterales	Pel2a
path:map00770	Pantothenate and CoA biosynthesis	3/14	12/599	0.0019815494749670297	0.021797044224637328	0.017729653197073425	AG-390-C22_00315	3	AG-390-C22	K00053	Alpha-keto-beta-hydroxylacyl reductoisomerase	AG-390-C22_2	101301	102320	NA	NA	NA	-	2161986	Bacteria;Proteobacteria;Alphaproteobacteria;Pelagibacterales;Pelagibacterales clade IIa;Pelagibacterales subclade IIa_1;Pelagibacterales bacterium sp. AG-390-C22	pelagibacterales	Pel2a
path:map01210	2-Oxocarboxylic acid metabolism	4/14	19/599	5.956436892687526e-4	0.013104161163912557	0.010658887071125046	AG-390-C22_00316	4	AG-390-C22	K01653	Acetolactate synthase small subunit	AG-390-C22_2	102327	102875	NA	NA	NA	-	2161986	Bacteria;Proteobacteria;Alphaproteobacteria;Pelagibacterales;Pelagibacterales clade IIa;Pelagibacterales subclade IIa_1;Pelagibacterales bacterium sp. AG-390-C22	pelagibacterales	Pel2a
path:map00770	Pantothenate and CoA biosynthesis	3/14	12/599	0.0019815494749670297	0.021797044224637328	0.017729653197073425	AG-390-C22_00316	3	AG-390-C22	K01653	Acetolactate synthase small subunit	AG-390-C22_2	102327	102875	NA	NA	NA	-	2161986	Bacteria;Proteobacteria;Alphaproteobacteria;Pelagibacterales;Pelagibacterales clade IIa;Pelagibacterales subclade IIa_1;Pelagibacterales bacterium sp. AG-390-C22	pelagibacterales	Pel2a
path:map00650	Butanoate metabolism	3/14	14/599	0.0031881045659668617	0.023379433483756984	0.01901676407769707	AG-390-C22_00316	3	AG-390-C22	K01653	Acetolactate synthase small subunit	AG-390-C22_2	102327	102875	NA	NA	NA	-	2161986	Bacteria;Proteobacteria;Alphaproteobacteria;Pelagibacterales;Pelagibacterales clade IIa;Pelagibacterales subclade IIa_1;Pelagibacterales bacterium sp. AG-390-C22	pelagibacterales	Pel2a
path:map01210	2-Oxocarboxylic acid metabolism	4/14	19/599	5.956436892687526e-4	0.013104161163912557	0.010658887071125046	AG-390-C22_00317	4	AG-390-C22	K01652	Acetolactate synthase	AG-390-C22_2	102875	104641	NA	NA	NA	-	2161986	Bacteria;Proteobacteria;Alphaproteobacteria;Pelagibacterales;Pelagibacterales clade IIa;Pelagibacterales subclade IIa_1;Pelagibacterales bacterium sp. AG-390-C22	pelagibacterales	Pel2a
path:map00770	Pantothenate and CoA biosynthesis	3/14	12/599	0.0019815494749670297	0.021797044224637328	0.017729653197073425	AG-390-C22_00317	3	AG-390-C22	K01652	Acetolactate synthase	AG-390-C22_2	102875	104641	NA	NA	NA	-	2161986	Bacteria;Proteobacteria;Alphaproteobacteria;Pelagibacterales;Pelagibacterales clade IIa;Pelagibacterales subclade IIa_1;Pelagibacterales bacterium sp. AG-390-C22	pelagibacterales	Pel2a
path:map00650	Butanoate metabolism	3/14	14/599	0.0031881045659668617	0.023379433483756984	0.01901676407769707	AG-390-C22_00317	3	AG-390-C22	K01652	Acetolactate synthase	AG-390-C22_2	102875	104641	NA	NA	NA	-	2161986	Bacteria;Proteobacteria;Alphaproteobacteria;Pelagibacterales;Pelagibacterales clade IIa;Pelagibacterales subclade IIa_1;Pelagibacterales bacterium sp. AG-390-C22	pelagibacterales	Pel2a
path:map00650	Butanoate metabolism	3/14	14/599	0.0031881045659668617	0.023379433483756984	0.01901676407769707	AG-390-C22_00323	3	AG-390-C22	K00001,K12904,K18120	alcohol dehydrogenase	AG-390-C22_2	110044	111162	PPDH	PF00465	1.8e-69	-	2161986	Bacteria;Proteobacteria;Alphaproteobacteria;Pelagibacterales;Pelagibacterales clade IIa;Pelagibacterales subclade IIa_1;Pelagibacterales bacterium sp. AG-390-C22	pelagibacterales	Pel2a
path:map01120	Microbial metabolism in diverse environments	3/3	84/686	0.0017786907309985088	0.008893453654992544	0.005616918097890027	AG-402-K10_01725	3	AG-402-K10	K00001	iron-containing alcohol dehydrogenase	AG-402-K10_29	121	1248	PPDH	PF00465	2.3e-76	-	2162086	cellular organisms;Bacteria;Terrabacteria group;Cyanobacteria/Melainabacteria group;Cyanobacteria;Synechococcales;Prochloraceae;Prochlorococcus;Prochlorococus clade HL;Prochlorococus subclade HLVI;Prochlorococus sp. AG-402-K10	prochlorococcus	ProHL6
path:map01130	Biosynthesis of antibiotics	3/3	139/686	0.008176052375837552	0.02044013093959388	0.012909556382901397	AG-402-K10_01725	3	AG-402-K10	K00001	iron-containing alcohol dehydrogenase	AG-402-K10_29	121	1248	PPDH	PF00465	2.3e-76	-	2162086	cellular organisms;Bacteria;Terrabacteria group;Cyanobacteria/Melainabacteria group;Cyanobacteria;Synechococcales;Prochloraceae;Prochlorococcus;Prochlorococus clade HL;Prochlorococus subclade HLVI;Prochlorococus sp. AG-402-K10	prochlorococcus	ProHL6
path:map01120	Microbial metabolism in diverse environments	3/3	84/686	0.0017786907309985088	0.008893453654992544	0.005616918097890027	AG-402-K10_01726	3	AG-402-K10	K09459	Phosphonopyruvate decarboxylase	AG-402-K10_29	1289	2425	PPDA	TIGR03297	1.1e-146	-	2162086	cellular organisms;Bacteria;Terrabacteria group;Cyanobacteria/Melainabacteria group;Cyanobacteria;Synechococcales;Prochloraceae;Prochlorococcus;Prochlorococus clade HL;Prochlorococus subclade HLVI;Prochlorococus sp. AG-402-K10	prochlorococcus	ProHL6
path:map01130	Biosynthesis of antibiotics	3/3	139/686	0.008176052375837552	0.02044013093959388	0.012909556382901397	AG-402-K10_01726	3	AG-402-K10	K09459	Phosphonopyruvate decarboxylase	AG-402-K10_29	1289	2425	PPDA	TIGR03297	1.1e-146	-	2162086	cellular organisms;Bacteria;Terrabacteria group;Cyanobacteria/Melainabacteria group;Cyanobacteria;Synechococcales;Prochloraceae;Prochlorococcus;Prochlorococus clade HL;Prochlorococus subclade HLVI;Prochlorococus sp. AG-402-K10	prochlorococcus	ProHL6
path:map01120	Microbial metabolism in diverse environments	3/3	84/686	0.0017786907309985088	0.008893453654992544	0.005616918097890027	AG-402-K10_01727	3	AG-402-K10	K01841,K03417	Phosphoenolpyruvate phosphomutase	AG-402-K10_29	2426	3739	PEPM	TIGR02320	1e-117	-	2162086	cellular organisms;Bacteria;Terrabacteria group;Cyanobacteria/Melainabacteria group;Cyanobacteria;Synechococcales;Prochloraceae;Prochlorococcus;Prochlorococus clade HL;Prochlorococus subclade HLVI;Prochlorococus sp. AG-402-K10	prochlorococcus	ProHL6
path:map01130	Biosynthesis of antibiotics	3/3	139/686	0.008176052375837552	0.02044013093959388	0.012909556382901397	AG-402-K10_01727	3	AG-402-K10	K01841,K03417	Phosphoenolpyruvate phosphomutase	AG-402-K10_29	2426	3739	PEPM	TIGR02320	1e-117	-	2162086	cellular organisms;Bacteria;Terrabacteria group;Cyanobacteria/Melainabacteria group;Cyanobacteria;Synechococcales;Prochloraceae;Prochlorococcus;Prochlorococus clade HL;Prochlorococus subclade HLVI;Prochlorococus sp. AG-402-K10	prochlorococcus	ProHL6
path:map02010	ABC transporters	7/23	29/448	2.713998415879435e-4	0.004885197148582984	0.00428526065665174	AG-422-C23_00205	7	AG-422-C23	K09815	Pfam:SBP_bac_9	AG-422-C23_3	27667	28770	NA	NA	NA	-	2161989	Bacteria;Proteobacteria;Alphaproteobacteria;Pelagibacterales;Pelagibacterales clade Ia;Pelagibacterales subclade Ia_3;Pelagibacterales subsubclade Ia_3a;Pelagibacterales bacterium sp. AG-422-C23	pelagibacterales	Pel1a
path:map02010	ABC transporters	7/23	29/448	2.713998415879435e-4	0.004885197148582984	0.00428526065665174	AG-422-C23_00206	7	AG-422-C23	K02074,K09817	ABC transporter	AG-422-C23_3	28790	29536	NA	NA	NA	+	2161989	Bacteria;Proteobacteria;Alphaproteobacteria;Pelagibacterales;Pelagibacterales clade Ia;Pelagibacterales subclade Ia_3;Pelagibacterales subsubclade Ia_3a;Pelagibacterales bacterium sp. AG-422-C23	pelagibacterales	Pel1a
path:map02010	ABC transporters	7/23	29/448	2.713998415879435e-4	0.004885197148582984	0.00428526065665174	AG-422-C23_00207	7	AG-422-C23	K09816	ABC, transporter	AG-422-C23_3	29537	30340	NA	NA	NA	+	2161989	Bacteria;Proteobacteria;Alphaproteobacteria;Pelagibacterales;Pelagibacterales clade Ia;Pelagibacterales subclade Ia_3;Pelagibacterales subsubclade Ia_3a;Pelagibacterales bacterium sp. AG-422-C23	pelagibacterales	Pel1a
path:map02010	ABC transporters	7/23	29/448	2.713998415879435e-4	0.004885197148582984	0.00428526065665174	AG-422-C23_00220	7	AG-422-C23	K02028,K02030,K09972	(ABC) transporter	AG-422-C23_3	42111	42845	NA	NA	NA	-	2161989	Bacteria;Proteobacteria;Alphaproteobacteria;Pelagibacterales;Pelagibacterales clade Ia;Pelagibacterales subclade Ia_3;Pelagibacterales subsubclade Ia_3a;Pelagibacterales bacterium sp. AG-422-C23	pelagibacterales	Pel1a
path:map02010	ABC transporters	7/23	29/448	2.713998415879435e-4	0.004885197148582984	0.00428526065665174	AG-422-C23_00221	7	AG-422-C23	K02029,K09970,K09971	amino acid AbC transporter	AG-422-C23_3	42851	44293	NA	NA	NA	-	2161989	Bacteria;Proteobacteria;Alphaproteobacteria;Pelagibacterales;Pelagibacterales clade Ia;Pelagibacterales subclade Ia_3;Pelagibacterales subsubclade Ia_3a;Pelagibacterales bacterium sp. AG-422-C23	pelagibacterales	Pel1a
path:map02010	ABC transporters	7/23	29/448	2.713998415879435e-4	0.004885197148582984	0.00428526065665174	AG-422-C23_00222	7	AG-422-C23	K02029,K09970	amino acid ABC transporter	AG-422-C23_3	44293	45444	NA	NA	NA	-	2161989	Bacteria;Proteobacteria;Alphaproteobacteria;Pelagibacterales;Pelagibacterales clade Ia;Pelagibacterales subclade Ia_3;Pelagibacterales subsubclade Ia_3a;Pelagibacterales bacterium sp. AG-422-C23	pelagibacterales	Pel1a
path:map02010	ABC transporters	7/23	29/448	2.713998415879435e-4	0.004885197148582984	0.00428526065665174	AG-422-C23_00223	7	AG-422-C23	K02030,K09969,K10001	ABC transporter	AG-422-C23_3	45520	46560	NA	NA	NA	-	2161989	Bacteria;Proteobacteria;Alphaproteobacteria;Pelagibacterales;Pelagibacterales clade Ia;Pelagibacterales subclade Ia_3;Pelagibacterales subsubclade Ia_3a;Pelagibacterales bacterium sp. AG-422-C23	pelagibacterales	Pel1a
path:map00520	Amino sugar and nucleotide sugar metabolism	8/17	21/432	1.3661839889981117e-7	1.7760391856975454e-6	1.7257060913660362e-6	AG-430-L02_00039	8	AG-430-L02	K01784,K02473	Nad-dependent epimerase dehydratase	AG-430-L02_1	31857	32780	NA	NA	NA	-	2162020	Bacteria;Proteobacteria;Alphaproteobacteria;Pelagibacterales;Pelagibacterales clade IIa;Pelagibacterales subclade IIa_2;Pelagibacterales bacterium sp. AG-430-L02	pelagibacterales	Pel2a
path:map00520	Amino sugar and nucleotide sugar metabolism	8/17	21/432	1.3661839889981117e-7	1.7760391856975454e-6	1.7257060913660362e-6	AG-430-L02_00043	8	AG-430-L02	K01784	Nad-dependent epimerase dehydratase	AG-430-L02_1	35220	36149	NA	NA	NA	-	2162020	Bacteria;Proteobacteria;Alphaproteobacteria;Pelagibacterales;Pelagibacterales clade IIa;Pelagibacterales subclade IIa_2;Pelagibacterales bacterium sp. AG-430-L02	pelagibacterales	Pel2a
path:map00520	Amino sugar and nucleotide sugar metabolism	8/17	21/432	1.3661839889981117e-7	1.7760391856975454e-6	1.7257060913660362e-6	AG-430-L02_00044	8	AG-430-L02	K00978	Glucose-1-phosphate cytidylyltransferase	AG-430-L02_1	36146	36856	NA	NA	NA	-	2162020	Bacteria;Proteobacteria;Alphaproteobacteria;Pelagibacterales;Pelagibacterales clade IIa;Pelagibacterales subclade IIa_2;Pelagibacterales bacterium sp. AG-430-L02	pelagibacterales	Pel2a
path:map00520	Amino sugar and nucleotide sugar metabolism	8/17	21/432	1.3661839889981117e-7	1.7760391856975454e-6	1.7257060913660362e-6	AG-430-L02_00046	8	AG-430-L02	K13010	DegT DnrJ EryC1 StrS aminotransferase	AG-430-L02_1	38070	39173	NA	NA	NA	-	2162020	Bacteria;Proteobacteria;Alphaproteobacteria;Pelagibacterales;Pelagibacterales clade IIa;Pelagibacterales subclade IIa_2;Pelagibacterales bacterium sp. AG-430-L02	pelagibacterales	Pel2a
path:map00520	Amino sugar and nucleotide sugar metabolism	8/17	21/432	1.3661839889981117e-7	1.7760391856975454e-6	1.7257060913660362e-6	AG-430-L02_00048	8	AG-430-L02	K13010	DegT DnrJ EryC1 StrS aminotransferase	AG-430-L02_1	40159	41289	NA	NA	NA	-	2162020	Bacteria;Proteobacteria;Alphaproteobacteria;Pelagibacterales;Pelagibacterales clade IIa;Pelagibacterales subclade IIa_2;Pelagibacterales bacterium sp. AG-430-L02	pelagibacterales	Pel2a
path:map00520	Amino sugar and nucleotide sugar metabolism	8/17	21/432	1.3661839889981117e-7	1.7760391856975454e-6	1.7257060913660362e-6	AG-430-L02_00061	8	AG-430-L02	K01654	synthase	AG-430-L02_1	53954	55000	NA	NA	NA	-	2162020	Bacteria;Proteobacteria;Alphaproteobacteria;Pelagibacterales;Pelagibacterales clade IIa;Pelagibacterales subclade IIa_2;Pelagibacterales bacterium sp. AG-430-L02	pelagibacterales	Pel2a
path:map00520	Amino sugar and nucleotide sugar metabolism	8/17	21/432	1.3661839889981117e-7	1.7760391856975454e-6	1.7257060913660362e-6	AG-430-L02_00063	8	AG-430-L02	K13010,K19715	DegT DnrJ EryC1 StrS aminotransferase	AG-430-L02_1	55670	56821	NA	NA	NA	-	2162020	Bacteria;Proteobacteria;Alphaproteobacteria;Pelagibacterales;Pelagibacterales clade IIa;Pelagibacterales subclade IIa_2;Pelagibacterales bacterium sp. AG-430-L02	pelagibacterales	Pel2a
path:map00520	Amino sugar and nucleotide sugar metabolism	8/17	21/432	1.3661839889981117e-7	1.7760391856975454e-6	1.7257060913660362e-6	AG-430-L02_00072	8	AG-430-L02	K01784,K08679	nad-dependent epimerase dehydratase	AG-430-L02_1	63893	64891	NA	NA	NA	-	2162020	Bacteria;Proteobacteria;Alphaproteobacteria;Pelagibacterales;Pelagibacterales clade IIa;Pelagibacterales subclade IIa_2;Pelagibacterales bacterium sp. AG-430-L02	pelagibacterales	Pel2a
path:map01120	Microbial metabolism in diverse environments	2/2	70/557	0.015596140681709577	0.04678842204512873	0.016416990191273236	AG-436-D21_01295	2	AG-436-D21	K01841,K03417	Phosphoenolpyruvate phosphomutase	AG-436-D21_33	1379	2677	PEPM	TIGR02320	3.9e-122	+	2162314	cellular organisms;Bacteria;Terrabacteria group;Cyanobacteria/Melainabacteria group;Cyanobacteria;Synechococcales;Prochloraceae;Prochlorococcus;Prochlorococus clade HL;Prochlorococus subclade HLII;Prochlorococus sp. AG-436-D21	prochlorococcus	ProHL2
path:map01120	Microbial metabolism in diverse environments	2/2	70/557	0.015596140681709577	0.04678842204512873	0.016416990191273236	AG-436-D21_01296	2	AG-436-D21	K09459	Phosphonopyruvate decarboxylase	AG-436-D21_33	2677	3813	PPDA	TIGR03297	1.9e-136	+	2162314	cellular organisms;Bacteria;Terrabacteria group;Cyanobacteria/Melainabacteria group;Cyanobacteria;Synechococcales;Prochloraceae;Prochlorococcus;Prochlorococus clade HL;Prochlorococus subclade HLII;Prochlorococus sp. AG-436-D21	prochlorococcus	ProHL2
path:map00520	Amino sugar and nucleotide sugar metabolism	6/15	28/606	2.106309079262325e-5	2.1063090792623252e-4	1.7737339614840635e-4	AG-447-N18_00297	6	AG-447-N18	K01784,K12448	udp-glucose 4-epimerase	AG-447-N18_2	70643	71614	NA	NA	NA	-	2162004	Bacteria;Proteobacteria;Alphaproteobacteria;Pelagibacterales;Pelagibacterales clade Ia;Pelagibacterales subclade Ia_3;Pelagibacterales subsubclade Ia_3a;Pelagibacterales bacterium sp. AG-447-N18	pelagibacterales	Pel1a
path:map00520	Amino sugar and nucleotide sugar metabolism	6/15	28/606	2.106309079262325e-5	2.1063090792623252e-4	1.7737339614840635e-4	AG-447-N18_00308	6	AG-447-N18	K01784	Nad-dependent epimerase dehydratase	AG-447-N18_2	81903	82823	NA	NA	NA	-	2162004	Bacteria;Proteobacteria;Alphaproteobacteria;Pelagibacterales;Pelagibacterales clade Ia;Pelagibacterales subclade Ia_3;Pelagibacterales subsubclade Ia_3a;Pelagibacterales bacterium sp. AG-447-N18	pelagibacterales	Pel1a
path:map00520	Amino sugar and nucleotide sugar metabolism	6/15	28/606	2.106309079262325e-5	2.1063090792623252e-4	1.7737339614840635e-4	AG-447-N18_00309	6	AG-447-N18	K00978	Glucose-1-phosphate cytidylyltransferase	AG-447-N18_2	82816	83511	NA	NA	NA	-	2162004	Bacteria;Proteobacteria;Alphaproteobacteria;Pelagibacterales;Pelagibacterales clade Ia;Pelagibacterales subclade Ia_3;Pelagibacterales subsubclade Ia_3a;Pelagibacterales bacterium sp. AG-447-N18	pelagibacterales	Pel1a
path:map00520	Amino sugar and nucleotide sugar metabolism	6/15	28/606	2.106309079262325e-5	2.1063090792623252e-4	1.7737339614840635e-4	AG-447-N18_00310	6	AG-447-N18	K01709	cDP-glucose 4,6-dehydratase	AG-447-N18_2	83508	84596	NA	NA	NA	-	2162004	Bacteria;Proteobacteria;Alphaproteobacteria;Pelagibacterales;Pelagibacterales clade Ia;Pelagibacterales subclade Ia_3;Pelagibacterales subsubclade Ia_3a;Pelagibacterales bacterium sp. AG-447-N18	pelagibacterales	Pel1a
path:map00520	Amino sugar and nucleotide sugar metabolism	6/15	28/606	2.106309079262325e-5	2.1063090792623252e-4	1.7737339614840635e-4	AG-447-N18_00318	6	AG-447-N18	K15894,K17716	Polysaccharide biosynthesis protein	AG-447-N18_2	91527	92537	NA	NA	NA	-	2162004	Bacteria;Proteobacteria;Alphaproteobacteria;Pelagibacterales;Pelagibacterales clade Ia;Pelagibacterales subclade Ia_3;Pelagibacterales subsubclade Ia_3a;Pelagibacterales bacterium sp. AG-447-N18	pelagibacterales	Pel1a
path:map00520	Amino sugar and nucleotide sugar metabolism	6/15	28/606	2.106309079262325e-5	2.1063090792623252e-4	1.7737339614840635e-4	AG-447-N18_00320	6	AG-447-N18	K13010,K15895	DegT/DnrJ/EryC1/StrS aminotransferase family	AG-447-N18_2	94264	95424	NA	NA	NA	-	2162004	Bacteria;Proteobacteria;Alphaproteobacteria;Pelagibacterales;Pelagibacterales clade Ia;Pelagibacterales subclade Ia_3;Pelagibacterales subsubclade Ia_3a;Pelagibacterales bacterium sp. AG-447-N18	pelagibacterales	Pel1a
path:map00520	Amino sugar and nucleotide sugar metabolism	4/13	31/805	0.0010130186163628849	0.017221316478169043	0.01706136617032227	AG-670-B23_01314	4	AG-670-B23	K01654,K15898	synthase	gnl|01.20.2017|AG-670-B23_18	18106	19155	NA	NA	NA	-	2161940	cellular organisms;Bacteria;Terrabacteria group;Cyanobacteria/Melainabacteria group;Cyanobacteria;Synechococcales;Synechococcaceae:Synechococcus;Synechococcus clade 5.1;Synechococcus subclade 5.1A;Synechococcus subsubclade II;Synechococcus sp. AG-670-B23	synechococcus	Syn5.1AII
path:map00520	Amino sugar and nucleotide sugar metabolism	4/13	31/805	0.0010130186163628849	0.017221316478169043	0.01706136617032227	AG-670-B23_01317	4	AG-670-B23	K15897	pseudaminic acid biosynthesis-associated protein PseG	gnl|01.20.2017|AG-670-B23_18	20055	21680	NA	NA	NA	-	2161940	cellular organisms;Bacteria;Terrabacteria group;Cyanobacteria/Melainabacteria group;Cyanobacteria;Synechococcales;Synechococcaceae:Synechococcus;Synechococcus clade 5.1;Synechococcus subclade 5.1A;Synechococcus subsubclade II;Synechococcus sp. AG-670-B23	synechococcus	Syn5.1AII
path:map00520	Amino sugar and nucleotide sugar metabolism	4/13	31/805	0.0010130186163628849	0.017221316478169043	0.01706136617032227	AG-670-B23_01321	4	AG-670-B23	K13010,K15895	DegT/DnrJ/EryC1/StrS aminotransferase family	gnl|01.20.2017|AG-670-B23_18	25376	26551	NA	NA	NA	-	2161940	cellular organisms;Bacteria;Terrabacteria group;Cyanobacteria/Melainabacteria group;Cyanobacteria;Synechococcales;Synechococcaceae:Synechococcus;Synechococcus clade 5.1;Synechococcus subclade 5.1A;Synechococcus subsubclade II;Synechococcus sp. AG-670-B23	synechococcus	Syn5.1AII
path:map00520	Amino sugar and nucleotide sugar metabolism	4/13	31/805	0.0010130186163628849	0.017221316478169043	0.01706136617032227	AG-670-B23_01322	4	AG-670-B23	K15894,K17716	NmrA-like family	gnl|01.20.2017|AG-670-B23_18	26564	27568	NA	NA	NA	-	2161940	cellular organisms;Bacteria;Terrabacteria group;Cyanobacteria/Melainabacteria group;Cyanobacteria;Synechococcales;Synechococcaceae:Synechococcus;Synechococcus clade 5.1;Synechococcus subclade 5.1A;Synechococcus subsubclade II;Synechococcus sp. AG-670-B23	synechococcus	Syn5.1AII
path:map01130	Biosynthesis of antibiotics	8/15	134/675	0.0036328020658716303	0.029062416526973042	0.02103201196030944	AG-670-L08_00653	8	AG-670-L08	K01790	Dtdp-4-dehydrorhamnose 3,5-epimerase	AG-670-L08_8	1718	2236	NA	NA	NA	+	2162354	cellular organisms;Bacteria;Terrabacteria group;Cyanobacteria/Melainabacteria group;Cyanobacteria;Synechococcales;Prochloraceae;Prochlorococcus;Prochlorococus clade HL;Prochlorococus subclade HLI;Prochlorococus sp. MED4	prochlorococcus	ProHL1
path:map01130	Biosynthesis of antibiotics	8/15	134/675	0.0036328020658716303	0.029062416526973042	0.02103201196030944	AG-670-L08_00655	8	AG-670-L08	K19180	Nad-dependent epimerase dehydratase	AG-670-L08_8	3468	4316	NA	NA	NA	+	2162354	cellular organisms;Bacteria;Terrabacteria group;Cyanobacteria/Melainabacteria group;Cyanobacteria;Synechococcales;Prochloraceae;Prochlorococcus;Prochlorococus clade HL;Prochlorococus subclade HLI;Prochlorococus sp. MED4	prochlorococcus	ProHL1
path:map01120	Microbial metabolism in diverse environments	8/15	87/675	1.6842453189474155e-4	0.0026947925103158648	0.0019501787903601654	AG-670-L08_00665	8	AG-670-L08	K00001	iron-containing alcohol dehydrogenase	AG-670-L08_8	11967	13100	PPDH	PF00465	2.6e-66	-	2162354	cellular organisms;Bacteria;Terrabacteria group;Cyanobacteria/Melainabacteria group;Cyanobacteria;Synechococcales;Prochloraceae;Prochlorococcus;Prochlorococus clade HL;Prochlorococus subclade HLI;Prochlorococus sp. MED4	prochlorococcus	ProHL1
path:map01130	Biosynthesis of antibiotics	8/15	134/675	0.0036328020658716303	0.029062416526973042	0.02103201196030944	AG-670-L08_00665	8	AG-670-L08	K00001	iron-containing alcohol dehydrogenase	AG-670-L08_8	11967	13100	PPDH	PF00465	2.6e-66	-	2162354	cellular organisms;Bacteria;Terrabacteria group;Cyanobacteria/Melainabacteria group;Cyanobacteria;Synechococcales;Prochloraceae;Prochlorococcus;Prochlorococus clade HL;Prochlorococus subclade HLI;Prochlorococus sp. MED4	prochlorococcus	ProHL1
path:map01120	Microbial metabolism in diverse environments	8/15	87/675	1.6842453189474155e-4	0.0026947925103158648	0.0019501787903601654	AG-670-L08_00666	8	AG-670-L08	K09459	Phosphonopyruvate decarboxylase	AG-670-L08_8	13120	14256	PPDA	TIGR03297	1.3e-140	-	2162354	cellular organisms;Bacteria;Terrabacteria group;Cyanobacteria/Melainabacteria group;Cyanobacteria;Synechococcales;Prochloraceae;Prochlorococcus;Prochlorococus clade HL;Prochlorococus subclade HLI;Prochlorococus sp. MED4	prochlorococcus	ProHL1
path:map01130	Biosynthesis of antibiotics	8/15	134/675	0.0036328020658716303	0.029062416526973042	0.02103201196030944	AG-670-L08_00666	8	AG-670-L08	K09459	Phosphonopyruvate decarboxylase	AG-670-L08_8	13120	14256	PPDA	TIGR03297	1.3e-140	-	2162354	cellular organisms;Bacteria;Terrabacteria group;Cyanobacteria/Melainabacteria group;Cyanobacteria;Synechococcales;Prochloraceae;Prochlorococcus;Prochlorococus clade HL;Prochlorococus subclade HLI;Prochlorococus sp. MED4	prochlorococcus	ProHL1
path:map01120	Microbial metabolism in diverse environments	8/15	87/675	1.6842453189474155e-4	0.0026947925103158648	0.0019501787903601654	AG-670-L08_00667	8	AG-670-L08	K01841,K03417	Phosphoenolpyruvate phosphomutase	AG-670-L08_8	14259	15572	PEPM	TIGR02320	6.9e-124	-	2162354	cellular organisms;Bacteria;Terrabacteria group;Cyanobacteria/Melainabacteria group;Cyanobacteria;Synechococcales;Prochloraceae;Prochlorococcus;Prochlorococus clade HL;Prochlorococus subclade HLI;Prochlorococus sp. MED4	prochlorococcus	ProHL1
path:map01130	Biosynthesis of antibiotics	8/15	134/675	0.0036328020658716303	0.029062416526973042	0.02103201196030944	AG-670-L08_00667	8	AG-670-L08	K01841,K03417	Phosphoenolpyruvate phosphomutase	AG-670-L08_8	14259	15572	PEPM	TIGR02320	6.9e-124	-	2162354	cellular organisms;Bacteria;Terrabacteria group;Cyanobacteria/Melainabacteria group;Cyanobacteria;Synechococcales;Prochloraceae;Prochlorococcus;Prochlorococus clade HL;Prochlorococus subclade HLI;Prochlorococus sp. MED4	prochlorococcus	ProHL1
path:map01120	Microbial metabolism in diverse environments	8/15	87/675	1.6842453189474155e-4	0.0026947925103158648	0.0019501787903601654	AG-670-L08_00670	8	AG-670-L08	K00860	Adenylylsulfate kinase	AG-670-L08_8	17749	18276	NA	NA	NA	-	2162354	cellular organisms;Bacteria;Terrabacteria group;Cyanobacteria/Melainabacteria group;Cyanobacteria;Synechococcales;Prochloraceae;Prochlorococcus;Prochlorococus clade HL;Prochlorococus subclade HLI;Prochlorococus sp. MED4	prochlorococcus	ProHL1
path:map01120	Microbial metabolism in diverse environments	8/15	87/675	1.6842453189474155e-4	0.0026947925103158648	0.0019501787903601654	AG-670-L08_00672	8	AG-670-L08	K00001	alcohol dehydrogenase (EC 1.1.1.1	AG-670-L08_8	19232	20269	NA	NA	NA	+	2162354	cellular organisms;Bacteria;Terrabacteria group;Cyanobacteria/Melainabacteria group;Cyanobacteria;Synechococcales;Prochloraceae;Prochlorococcus;Prochlorococus clade HL;Prochlorococus subclade HLI;Prochlorococus sp. MED4	prochlorococcus	ProHL1
path:map01130	Biosynthesis of antibiotics	8/15	134/675	0.0036328020658716303	0.029062416526973042	0.02103201196030944	AG-670-L08_00672	8	AG-670-L08	K00001	alcohol dehydrogenase (EC 1.1.1.1	AG-670-L08_8	19232	20269	NA	NA	NA	+	2162354	cellular organisms;Bacteria;Terrabacteria group;Cyanobacteria/Melainabacteria group;Cyanobacteria;Synechococcales;Prochloraceae;Prochlorococcus;Prochlorococus clade HL;Prochlorococus subclade HLI;Prochlorococus sp. MED4	prochlorococcus	ProHL1
path:map01120	Microbial metabolism in diverse environments	8/15	87/675	1.6842453189474155e-4	0.0026947925103158648	0.0019501787903601654	AG-670-L08_00673	8	AG-670-L08	K00615	Transketolase	AG-670-L08_8	20266	21093	NA	NA	NA	+	2162354	cellular organisms;Bacteria;Terrabacteria group;Cyanobacteria/Melainabacteria group;Cyanobacteria;Synechococcales;Prochloraceae;Prochlorococcus;Prochlorococus clade HL;Prochlorococus subclade HLI;Prochlorococus sp. MED4	prochlorococcus	ProHL1
path:map01130	Biosynthesis of antibiotics	8/15	134/675	0.0036328020658716303	0.029062416526973042	0.02103201196030944	AG-670-L08_00673	8	AG-670-L08	K00615	Transketolase	AG-670-L08_8	20266	21093	NA	NA	NA	+	2162354	cellular organisms;Bacteria;Terrabacteria group;Cyanobacteria/Melainabacteria group;Cyanobacteria;Synechococcales;Prochloraceae;Prochlorococcus;Prochlorococus clade HL;Prochlorococus subclade HLI;Prochlorococus sp. MED4	prochlorococcus	ProHL1
path:map01120	Microbial metabolism in diverse environments	8/15	87/675	1.6842453189474155e-4	0.0026947925103158648	0.0019501787903601654	AG-670-L08_00674	8	AG-670-L08	K00615	Transketolase, central region	AG-670-L08_8	21099	22034	NA	NA	NA	+	2162354	cellular organisms;Bacteria;Terrabacteria group;Cyanobacteria/Melainabacteria group;Cyanobacteria;Synechococcales;Prochloraceae;Prochlorococcus;Prochlorococus clade HL;Prochlorococus subclade HLI;Prochlorococus sp. MED4	prochlorococcus	ProHL1
path:map01130	Biosynthesis of antibiotics	8/15	134/675	0.0036328020658716303	0.029062416526973042	0.02103201196030944	AG-670-L08_00674	8	AG-670-L08	K00615	Transketolase, central region	AG-670-L08_8	21099	22034	NA	NA	NA	+	2162354	cellular organisms;Bacteria;Terrabacteria group;Cyanobacteria/Melainabacteria group;Cyanobacteria;Synechococcales;Prochloraceae;Prochlorococcus;Prochlorococus clade HL;Prochlorococus subclade HLI;Prochlorococus sp. MED4	prochlorococcus	ProHL1
path:map01120	Microbial metabolism in diverse environments	8/15	87/675	1.6842453189474155e-4	0.0026947925103158648	0.0019501787903601654	AG-670-L08_00676	8	AG-670-L08	K00822,K00833,K01607,K12256,K15785	Aminotransferase	AG-670-L08_8	22810	24153	NA	NA	NA	+	2162354	cellular organisms;Bacteria;Terrabacteria group;Cyanobacteria/Melainabacteria group;Cyanobacteria;Synechococcales;Prochloraceae;Prochlorococcus;Prochlorococus clade HL;Prochlorococus subclade HLI;Prochlorococus sp. MED4	prochlorococcus	ProHL1
path:map02020	Two-component system	4/16	34/793	0.0035650124121606834	0.02614342435584501	0.023766749414404556	HTCC7217_00404	4	HTCC7217	K02483,K07657,K07658,K07664,K07668	phosphate regulon transcriptional regulatory protein PhoB	HTCC7217_1	349898	350581	NA	NA	NA	-	1400525	Bacteria;Proteobacteria;Alphaproteobacteria;Pelagibacterales;Pelagibacterales clade Ia;Pelagibacterales subclade Ia_3;Pelagibacterales subsubclade Ia_3b;Pelagibacterales bacterium sp. HTCC7217	pelagibacterales	Pel1a
path:map02010	ABC transporters	8/16	70/793	1.8123077092073403e-5	3.9870769602561485e-4	3.624615418414681e-4	HTCC7217_00406	8	HTCC7217	K02036	Part of the ABC transporter complex PstSACB involved in phosphate import. Responsible for energy coupling to the transport system (By similarity)	HTCC7217_1	351292	352047	NA	NA	NA	-	1400525	Bacteria;Proteobacteria;Alphaproteobacteria;Pelagibacterales;Pelagibacterales clade Ia;Pelagibacterales subclade Ia_3;Pelagibacterales subsubclade Ia_3b;Pelagibacterales bacterium sp. HTCC7217	pelagibacterales	Pel1a
path:map02010	ABC transporters	8/16	70/793	1.8123077092073403e-5	3.9870769602561485e-4	3.624615418414681e-4	HTCC7217_00407	8	HTCC7217	K02037,K02038	phosphate ABC transporter, permease	HTCC7217_1	352051	353322	NA	NA	NA	-	1400525	Bacteria;Proteobacteria;Alphaproteobacteria;Pelagibacterales;Pelagibacterales clade Ia;Pelagibacterales subclade Ia_3;Pelagibacterales subsubclade Ia_3b;Pelagibacterales bacterium sp. HTCC7217	pelagibacterales	Pel1a
path:map02010	ABC transporters	8/16	70/793	1.8123077092073403e-5	3.9870769602561485e-4	3.624615418414681e-4	HTCC7217_00408	8	HTCC7217	K02037	phosphate abc transporter	HTCC7217_1	353315	354700	NA	NA	NA	-	1400525	Bacteria;Proteobacteria;Alphaproteobacteria;Pelagibacterales;Pelagibacterales clade Ia;Pelagibacterales subclade Ia_3;Pelagibacterales subsubclade Ia_3b;Pelagibacterales bacterium sp. HTCC7217	pelagibacterales	Pel1a
path:map02010	ABC transporters	8/16	70/793	1.8123077092073403e-5	3.9870769602561485e-4	3.624615418414681e-4	HTCC7217_00409	8	HTCC7217	K02040	phosphate abc transporter	HTCC7217_1	354776	355810	NA	NA	NA	-	1400525	Bacteria;Proteobacteria;Alphaproteobacteria;Pelagibacterales;Pelagibacterales clade Ia;Pelagibacterales subclade Ia_3;Pelagibacterales subsubclade Ia_3b;Pelagibacterales bacterium sp. HTCC7217	pelagibacterales	Pel1a
path:map02020	Two-component system	4/16	34/793	0.0035650124121606834	0.02614342435584501	0.023766749414404556	HTCC7217_00409	4	HTCC7217	K02040	phosphate abc transporter	HTCC7217_1	354776	355810	NA	NA	NA	-	1400525	Bacteria;Proteobacteria;Alphaproteobacteria;Pelagibacterales;Pelagibacterales clade Ia;Pelagibacterales subclade Ia_3;Pelagibacterales subsubclade Ia_3b;Pelagibacterales bacterium sp. HTCC7217	pelagibacterales	Pel1a
path:map02020	Two-component system	4/16	34/793	0.0035650124121606834	0.02614342435584501	0.023766749414404556	HTCC7217_00411	4	HTCC7217	K07636,K11383	Histidine kinase	HTCC7217_1	356629	357777	NA	NA	NA	-	1400525	Bacteria;Proteobacteria;Alphaproteobacteria;Pelagibacterales;Pelagibacterales clade Ia;Pelagibacterales subclade Ia_3;Pelagibacterales subsubclade Ia_3b;Pelagibacterales bacterium sp. HTCC7217	pelagibacterales	Pel1a
path:map00440	Phosphonate and phosphinate metabolism	3/16	11/793	0.001010360532320112	0.01111396585552123	0.010103605323201119	HTCC7217_00418	3	HTCC7217	K00001,K12904,K18120	alcohol dehydrogenase	HTCC7217_1	362702	363799	PPDH	PF00465	1.1e-57	-	1400525	Bacteria;Proteobacteria;Alphaproteobacteria;Pelagibacterales;Pelagibacterales clade Ia;Pelagibacterales subclade Ia_3;Pelagibacterales subsubclade Ia_3b;Pelagibacterales bacterium sp. HTCC7217	pelagibacterales	Pel1a
path:map00440	Phosphonate and phosphinate metabolism	3/16	11/793	0.001010360532320112	0.01111396585552123	0.010103605323201119	HTCC7217_00419	3	HTCC7217	K09459	Phosphonopyruvate decarboxylase	HTCC7217_1	363796	364893	PPDA	TIGR03297	2.6e-115	-	1400525	Bacteria;Proteobacteria;Alphaproteobacteria;Pelagibacterales;Pelagibacterales clade Ia;Pelagibacterales subclade Ia_3;Pelagibacterales subsubclade Ia_3b;Pelagibacterales bacterium sp. HTCC7217	pelagibacterales	Pel1a
path:map00440	Phosphonate and phosphinate metabolism	3/16	11/793	0.001010360532320112	0.01111396585552123	0.010103605323201119	HTCC7217_00420	3	HTCC7217	K01841,K03417	Phosphoenolpyruvate phosphomutase	HTCC7217_1	364886	366187	PEPM	TIGR02320	3.7e-111	-	1400525	Bacteria;Proteobacteria;Alphaproteobacteria;Pelagibacterales;Pelagibacterales clade Ia;Pelagibacterales subclade Ia_3;Pelagibacterales subsubclade Ia_3b;Pelagibacterales bacterium sp. HTCC7217	pelagibacterales	Pel1a
path:map02010	ABC transporters	8/16	70/793	1.8123077092073403e-5	3.9870769602561485e-4	3.624615418414681e-4	HTCC7217_00429	8	HTCC7217	K02028,K02030,K09972	(ABC) transporter	HTCC7217_1	375276	376010	NA	NA	NA	-	1400525	Bacteria;Proteobacteria;Alphaproteobacteria;Pelagibacterales;Pelagibacterales clade Ia;Pelagibacterales subclade Ia_3;Pelagibacterales subsubclade Ia_3b;Pelagibacterales bacterium sp. HTCC7217	pelagibacterales	Pel1a
path:map02010	ABC transporters	8/16	70/793	1.8123077092073403e-5	3.9870769602561485e-4	3.624615418414681e-4	HTCC7217_00430	8	HTCC7217	K02029,K09970,K09971	amino acid AbC transporter	HTCC7217_1	376010	377452	NA	NA	NA	-	1400525	Bacteria;Proteobacteria;Alphaproteobacteria;Pelagibacterales;Pelagibacterales clade Ia;Pelagibacterales subclade Ia_3;Pelagibacterales subsubclade Ia_3b;Pelagibacterales bacterium sp. HTCC7217	pelagibacterales	Pel1a
path:map02010	ABC transporters	8/16	70/793	1.8123077092073403e-5	3.9870769602561485e-4	3.624615418414681e-4	HTCC7217_00431	8	HTCC7217	K02029,K09970	amino acid ABC transporter	HTCC7217_1	377452	378597	NA	NA	NA	-	1400525	Bacteria;Proteobacteria;Alphaproteobacteria;Pelagibacterales;Pelagibacterales clade Ia;Pelagibacterales subclade Ia_3;Pelagibacterales subsubclade Ia_3b;Pelagibacterales bacterium sp. HTCC7217	pelagibacterales	Pel1a
path:map02010	ABC transporters	8/16	70/793	1.8123077092073403e-5	3.9870769602561485e-4	3.624615418414681e-4	HTCC7217_00432	8	HTCC7217	K02030,K09969,K10001	ABC transporter	HTCC7217_1	378670	379710	NA	NA	NA	-	1400525	Bacteria;Proteobacteria;Alphaproteobacteria;Pelagibacterales;Pelagibacterales clade Ia;Pelagibacterales subclade Ia_3;Pelagibacterales subsubclade Ia_3b;Pelagibacterales bacterium sp. HTCC7217	pelagibacterales	Pel1a
path:map02020	Two-component system	4/16	34/793	0.0035650124121606834	0.02614342435584501	0.023766749414404556	HTCC7217_00432	4	HTCC7217	K02030,K09969,K10001	ABC transporter	HTCC7217_1	378670	379710	NA	NA	NA	-	1400525	Bacteria;Proteobacteria;Alphaproteobacteria;Pelagibacterales;Pelagibacterales clade Ia;Pelagibacterales subclade Ia_3;Pelagibacterales subsubclade Ia_3b;Pelagibacterales bacterium sp. HTCC7217	pelagibacterales	Pel1a
path:map00520	Amino sugar and nucleotide sugar metabolism	10/25	67/724	2.5434240036165665e-5	5.086848007233133e-4	3.748203794803361e-4	MED605_00182	10	MED605	K01784,K02473	Polysaccharide biosynthesis protein	MED605_11	171	1151	NA	NA	NA	+	2024849	Bacteria;Proteobacteria;Alphaproteobacteria;Pelagibacterales;Pelagibacterales clade IIb;Pelagibacterales bacterium sp. TMED64	pelagibacterales	Pel2b
path:map01120	Microbial metabolism in diverse environments	12/25	116/724	1.372852536610249e-4	0.001372852536610249	0.0010115755532917625	MED605_00184	12	MED605	K00958	Sulfate adenylate transferase	MED605_11	2451	3518	NA	NA	NA	+	2024849	Bacteria;Proteobacteria;Alphaproteobacteria;Pelagibacterales;Pelagibacterales clade IIb;Pelagibacterales bacterium sp. TMED64	pelagibacterales	Pel2b
path:map01120	Microbial metabolism in diverse environments	12/25	116/724	1.372852536610249e-4	0.001372852536610249	0.0010115755532917625	MED605_00186	12	MED605	K00390,K00860,K00958	Catalyzes the synthesis of activated sulfate (By similarity)	MED605_11	4943	5461	NA	NA	NA	+	2024849	Bacteria;Proteobacteria;Alphaproteobacteria;Pelagibacterales;Pelagibacterales clade IIb;Pelagibacterales bacterium sp. TMED64	pelagibacterales	Pel2b
path:map01120	Microbial metabolism in diverse environments	12/25	116/724	1.372852536610249e-4	0.001372852536610249	0.0010115755532917625	MED605_00189	12	MED605	K01841,K03417	Phosphoenolpyruvate phosphomutase	MED605_11	7138	8448	PEPM	TIGR02320	1.5e-109	+	2024849	Bacteria;Proteobacteria;Alphaproteobacteria;Pelagibacterales;Pelagibacterales clade IIb;Pelagibacterales bacterium sp. TMED64	pelagibacterales	Pel2b
path:map01120	Microbial metabolism in diverse environments	12/25	116/724	1.372852536610249e-4	0.001372852536610249	0.0010115755532917625	MED605_00190	12	MED605	K09459	Phosphonopyruvate decarboxylase	MED605_11	8448	9545	PPDA	TIGR03297	3.4e-111	+	2024849	Bacteria;Proteobacteria;Alphaproteobacteria;Pelagibacterales;Pelagibacterales clade IIb;Pelagibacterales bacterium sp. TMED64	pelagibacterales	Pel2b
path:map01120	Microbial metabolism in diverse environments	12/25	116/724	1.372852536610249e-4	0.001372852536610249	0.0010115755532917625	MED605_00191	12	MED605	K00001,K12904,K18120	alcohol dehydrogenase	MED605_11	9542	10663	PPDH	PF00465	2.6e-59	+	2024849	Bacteria;Proteobacteria;Alphaproteobacteria;Pelagibacterales;Pelagibacterales clade IIb;Pelagibacterales bacterium sp. TMED64	pelagibacterales	Pel2b
path:map00520	Amino sugar and nucleotide sugar metabolism	10/25	67/724	2.5434240036165665e-5	5.086848007233133e-4	3.748203794803361e-4	MED605_00194	10	MED605	K01784	epimerase dehydratase	MED605_11	12069	13073	NA	NA	NA	+	2024849	Bacteria;Proteobacteria;Alphaproteobacteria;Pelagibacterales;Pelagibacterales clade IIb;Pelagibacterales bacterium sp. TMED64	pelagibacterales	Pel2b
path:map01120	Microbial metabolism in diverse environments	12/25	116/724	1.372852536610249e-4	0.001372852536610249	0.0010115755532917625	MED605_00195	12	MED605	K00615	Transketolase	MED605_11	13076	13621	NA	NA	NA	+	2024849	Bacteria;Proteobacteria;Alphaproteobacteria;Pelagibacterales;Pelagibacterales clade IIb;Pelagibacterales bacterium sp. TMED64	pelagibacterales	Pel2b
path:map01120	Microbial metabolism in diverse environments	12/25	116/724	1.372852536610249e-4	0.001372852536610249	0.0010115755532917625	MED605_00197	12	MED605	K00615	Transketolase	MED605_11	13832	14323	NA	NA	NA	+	2024849	Bacteria;Proteobacteria;Alphaproteobacteria;Pelagibacterales;Pelagibacterales clade IIb;Pelagibacterales bacterium sp. TMED64	pelagibacterales	Pel2b
path:map00520	Amino sugar and nucleotide sugar metabolism	10/25	67/724	2.5434240036165665e-5	5.086848007233133e-4	3.748203794803361e-4	MED605_01046	10	MED605	K01654	synthase	MED605_52	170	1237	NA	NA	NA	+	2024849	Bacteria;Proteobacteria;Alphaproteobacteria;Pelagibacterales;Pelagibacterales clade IIb;Pelagibacterales bacterium sp. TMED64	pelagibacterales	Pel2b
path:map00520	Amino sugar and nucleotide sugar metabolism	10/25	67/724	2.5434240036165665e-5	5.086848007233133e-4	3.748203794803361e-4	MED605_01048	10	MED605	K13010,K15895	DegT DnrJ EryC1 StrS aminotransferase	MED605_52	1877	3919	NA	NA	NA	-	2024849	Bacteria;Proteobacteria;Alphaproteobacteria;Pelagibacterales;Pelagibacterales clade IIb;Pelagibacterales bacterium sp. TMED64	pelagibacterales	Pel2b
path:map01120	Microbial metabolism in diverse environments	12/25	116/724	1.372852536610249e-4	0.001372852536610249	0.0010115755532917625	MED605_01054	12	MED605	K01845,K07257,K15681	Aminotransferase class-III	MED605_52	8331	9653	NA	NA	NA	+	2024849	Bacteria;Proteobacteria;Alphaproteobacteria;Pelagibacterales;Pelagibacterales clade IIb;Pelagibacterales bacterium sp. TMED64	pelagibacterales	Pel2b
path:map00520	Amino sugar and nucleotide sugar metabolism	10/25	67/724	2.5434240036165665e-5	5.086848007233133e-4	3.748203794803361e-4	MED605_01055	10	MED605	K01654,K15898,K18430	synthase	MED605_52	9659	10681	NA	NA	NA	+	2024849	Bacteria;Proteobacteria;Alphaproteobacteria;Pelagibacterales;Pelagibacterales clade IIb;Pelagibacterales bacterium sp. TMED64	pelagibacterales	Pel2b
path:map00520	Amino sugar and nucleotide sugar metabolism	10/25	67/724	2.5434240036165665e-5	5.086848007233133e-4	3.748203794803361e-4	MED605_01056	10	MED605	K15894	polysaccharide biosynthesis protein	MED605_52	10690	11703	NA	NA	NA	+	2024849	Bacteria;Proteobacteria;Alphaproteobacteria;Pelagibacterales;Pelagibacterales clade IIb;Pelagibacterales bacterium sp. TMED64	pelagibacterales	Pel2b
path:map01120	Microbial metabolism in diverse environments	12/25	116/724	1.372852536610249e-4	0.001372852536610249	0.0010115755532917625	MED605_01057	12	MED605	K01841,K03417	Phosphoenolpyruvate phosphomutase	MED605_52	11719	13011	PEPM	TIGR02320	5.5e-107	+	2024849	Bacteria;Proteobacteria;Alphaproteobacteria;Pelagibacterales;Pelagibacterales clade IIb;Pelagibacterales bacterium sp. TMED64	pelagibacterales	Pel2b
path:map01120	Microbial metabolism in diverse environments	12/25	116/724	1.372852536610249e-4	0.001372852536610249	0.0010115755532917625	MED605_01059	12	MED605	K09459	Phosphonopyruvate decarboxylase	MED605_52	13822	14922	PPDA	TIGR03297	3.7e-118	+	2024849	Bacteria;Proteobacteria;Alphaproteobacteria;Pelagibacterales;Pelagibacterales clade IIb;Pelagibacterales bacterium sp. TMED64	pelagibacterales	Pel2b
path:map01120	Microbial metabolism in diverse environments	12/25	116/724	1.372852536610249e-4	0.001372852536610249	0.0010115755532917625	MED605_01060	12	MED605	K00001,K12904,K18120	alcohol dehydrogenase	MED605_52	14932	16050	PPDH	PF00465	1.1e-60	+	2024849	Bacteria;Proteobacteria;Alphaproteobacteria;Pelagibacterales;Pelagibacterales clade IIb;Pelagibacterales bacterium sp. TMED64	pelagibacterales	Pel2b
path:map01120	Microbial metabolism in diverse environments	12/25	116/724	1.372852536610249e-4	0.001372852536610249	0.0010115755532917625	MED605_01062	12	MED605	K00860	Adenylylsulfate kinase	MED605_52	17438	17953	NA	NA	NA	+	2024849	Bacteria;Proteobacteria;Alphaproteobacteria;Pelagibacterales;Pelagibacterales clade IIb;Pelagibacterales bacterium sp. TMED64	pelagibacterales	Pel2b
path:map00520	Amino sugar and nucleotide sugar metabolism	10/25	67/724	2.5434240036165665e-5	5.086848007233133e-4	3.748203794803361e-4	MED605_01063	10	MED605	K13010	DegT DnrJ EryC1 StrS aminotransferase	MED605_52	17960	19072	NA	NA	NA	+	2024849	Bacteria;Proteobacteria;Alphaproteobacteria;Pelagibacterales;Pelagibacterales clade IIb;Pelagibacterales bacterium sp. TMED64	pelagibacterales	Pel2b
path:map00520	Amino sugar and nucleotide sugar metabolism	10/25	67/724	2.5434240036165665e-5	5.086848007233133e-4	3.748203794803361e-4	MED605_01064	10	MED605	K01654,K15898,K18430	synthase	MED605_52	19088	20149	NA	NA	NA	+	2024849	Bacteria;Proteobacteria;Alphaproteobacteria;Pelagibacterales;Pelagibacterales clade IIb;Pelagibacterales bacterium sp. TMED64	pelagibacterales	Pel2b
path:map00520	Amino sugar and nucleotide sugar metabolism	10/25	67/724	2.5434240036165665e-5	5.086848007233133e-4	3.748203794803361e-4	MED605_01067	10	MED605	K01711	Gdp-mannose 4,6-dehydratase	MED605_52	21614	22639	NA	NA	NA	+	2024849	Bacteria;Proteobacteria;Alphaproteobacteria;Pelagibacterales;Pelagibacterales clade IIb;Pelagibacterales bacterium sp. TMED64	pelagibacterales	Pel2b
path:map00520	Amino sugar and nucleotide sugar metabolism	10/25	67/724	2.5434240036165665e-5	5.086848007233133e-4	3.748203794803361e-4	MED605_01068	10	MED605	K00983,K18431	Cytidylyltransferase	MED605_52	22629	23315	NA	NA	NA	+	2024849	Bacteria;Proteobacteria;Alphaproteobacteria;Pelagibacterales;Pelagibacterales clade IIb;Pelagibacterales bacterium sp. TMED64	pelagibacterales	Pel2b
path:map00520	Amino sugar and nucleotide sugar metabolism	6/28	29/755	3.9322680505513274e-4	0.01297648456681938	0.012417688580688402	RS40_00850	6	RS40	K01784	epimerase dehydratase	RS40_1	789618	790622	NA	NA	NA	+	1977865	Bacteria;Proteobacteria;Alphaproteobacteria;Pelagibacterales;Pelagibacterales clade Ib;Pelagibacterales subclade Ib_1;Pelagibacterales bacterium sp. RS40	pelagibacterales	Pel1b
path:map00520	Amino sugar and nucleotide sugar metabolism	6/28	29/755	3.9322680505513274e-4	0.01297648456681938	0.012417688580688402	RS40_00851	6	RS40	K13010	DegT/DnrJ/EryC1/StrS aminotransferase family	RS40_1	790609	791769	NA	NA	NA	+	1977865	Bacteria;Proteobacteria;Alphaproteobacteria;Pelagibacterales;Pelagibacterales clade Ib;Pelagibacterales subclade Ib_1;Pelagibacterales bacterium sp. RS40	pelagibacterales	Pel1b
path:map00520	Amino sugar and nucleotide sugar metabolism	6/28	29/755	3.9322680505513274e-4	0.01297648456681938	0.012417688580688402	RS40_00853	6	RS40	K01654,K18430	synthase	RS40_1	792641	793657	NA	NA	NA	+	1977865	Bacteria;Proteobacteria;Alphaproteobacteria;Pelagibacterales;Pelagibacterales clade Ib;Pelagibacterales subclade Ib_1;Pelagibacterales bacterium sp. RS40	pelagibacterales	Pel1b
path:map00520	Amino sugar and nucleotide sugar metabolism	6/28	29/755	3.9322680505513274e-4	0.01297648456681938	0.012417688580688402	RS40_00854	6	RS40	K01791,K18429	UDP-N-acetylglucosamine 2-epimerase	RS40_1	793657	794823	NA	NA	NA	+	1977865	Bacteria;Proteobacteria;Alphaproteobacteria;Pelagibacterales;Pelagibacterales clade Ib;Pelagibacterales subclade Ib_1;Pelagibacterales bacterium sp. RS40	pelagibacterales	Pel1b
path:map00520	Amino sugar and nucleotide sugar metabolism	6/28	29/755	3.9322680505513274e-4	0.01297648456681938	0.012417688580688402	RS40_00855	6	RS40	K00966,K16881	Glucose-1-phosphate cytidylyltransferase	RS40_1	794879	795931	NA	NA	NA	+	1977865	Bacteria;Proteobacteria;Alphaproteobacteria;Pelagibacterales;Pelagibacterales clade Ib;Pelagibacterales subclade Ib_1;Pelagibacterales bacterium sp. RS40	pelagibacterales	Pel1b
path:map00520	Amino sugar and nucleotide sugar metabolism	6/28	29/755	3.9322680505513274e-4	0.01297648456681938	0.012417688580688402	RS40_00856	6	RS40	K01654,K18430	synthase	RS40_1	795954	796952	NA	NA	NA	+	1977865	Bacteria;Proteobacteria;Alphaproteobacteria;Pelagibacterales;Pelagibacterales clade Ib;Pelagibacterales subclade Ib_1;Pelagibacterales bacterium sp. RS40	pelagibacterales	Pel1b
path:map00520	Amino sugar and nucleotide sugar metabolism	6/16	24/754	3.495484795627678e-6	6.641421111692588e-5	6.25507805533374e-5	SB_01735	6	SB	K02377	Nad-dependent epimerase dehydratase	SB_2	1081246	1082262	NA	NA	NA	-	59926	cellular organisms;Bacteria;Terrabacteria group;Cyanobacteria/Melainabacteria group;Cyanobacteria;Synechococcales;Prochloraceae;Prochlorococcus;Prochlorococus clade HL;Prochlorococus subclade HLII;Prochlorococus sp. SB	prochlorococcus	ProHL2
path:map00051	Fructose and mannose metabolism	3/16	13/754	0.001974807070425752	0.018760667169044645	0.017669326419598834	SB_01735	3	SB	K02377	Nad-dependent epimerase dehydratase	SB_2	1081246	1082262	NA	NA	NA	-	59926	cellular organisms;Bacteria;Terrabacteria group;Cyanobacteria/Melainabacteria group;Cyanobacteria;Synechococcales;Prochloraceae;Prochlorococcus;Prochlorococus clade HL;Prochlorococus subclade HLII;Prochlorococus sp. SB	prochlorococcus	ProHL2
path:map00520	Amino sugar and nucleotide sugar metabolism	6/16	24/754	3.495484795627678e-6	6.641421111692588e-5	6.25507805533374e-5	SB_01736	6	SB	K01784	udp-glucose 4-epimerase	SB_2	1082664	1083719	NA	NA	NA	+	59926	cellular organisms;Bacteria;Terrabacteria group;Cyanobacteria/Melainabacteria group;Cyanobacteria;Synechococcales;Prochloraceae;Prochlorococcus;Prochlorococus clade HL;Prochlorococus subclade HLII;Prochlorococus sp. SB	prochlorococcus	ProHL2
path:map00520	Amino sugar and nucleotide sugar metabolism	6/16	24/754	3.495484795627678e-6	6.641421111692588e-5	6.25507805533374e-5	SB_01737	6	SB	K01710,K08679	Nucleotide sugar epimerase	SB_2	1083815	1084834	NA	NA	NA	+	59926	cellular organisms;Bacteria;Terrabacteria group;Cyanobacteria/Melainabacteria group;Cyanobacteria;Synechococcales;Prochloraceae;Prochlorococcus;Prochlorococus clade HL;Prochlorococus subclade HLII;Prochlorococus sp. SB	prochlorococcus	ProHL2
path:map00520	Amino sugar and nucleotide sugar metabolism	6/16	24/754	3.495484795627678e-6	6.641421111692588e-5	6.25507805533374e-5	SB_01738	6	SB	K01711	Gdp-mannose 4,6-dehydratase	SB_2	1084892	1086010	NA	NA	NA	+	59926	cellular organisms;Bacteria;Terrabacteria group;Cyanobacteria/Melainabacteria group;Cyanobacteria;Synechococcales;Prochloraceae;Prochlorococcus;Prochlorococus clade HL;Prochlorococus subclade HLII;Prochlorococus sp. SB	prochlorococcus	ProHL2
path:map00051	Fructose and mannose metabolism	3/16	13/754	0.001974807070425752	0.018760667169044645	0.017669326419598834	SB_01738	3	SB	K01711	Gdp-mannose 4,6-dehydratase	SB_2	1084892	1086010	NA	NA	NA	+	59926	cellular organisms;Bacteria;Terrabacteria group;Cyanobacteria/Melainabacteria group;Cyanobacteria;Synechococcales;Prochloraceae;Prochlorococcus;Prochlorococus clade HL;Prochlorococus subclade HLII;Prochlorococus sp. SB	prochlorococcus	ProHL2
path:map00520	Amino sugar and nucleotide sugar metabolism	6/16	24/754	3.495484795627678e-6	6.641421111692588e-5	6.25507805533374e-5	SB_01739	6	SB	K00971,K16011	Mannose-1-phosphate guanylyltransferase	SB_2	1086007	1087464	NA	NA	NA	+	59926	cellular organisms;Bacteria;Terrabacteria group;Cyanobacteria/Melainabacteria group;Cyanobacteria;Synechococcales;Prochloraceae;Prochlorococcus;Prochlorococus clade HL;Prochlorococus subclade HLII;Prochlorococus sp. SB	prochlorococcus	ProHL2
path:map00051	Fructose and mannose metabolism	3/16	13/754	0.001974807070425752	0.018760667169044645	0.017669326419598834	SB_01739	3	SB	K00971,K16011	Mannose-1-phosphate guanylyltransferase	SB_2	1086007	1087464	NA	NA	NA	+	59926	cellular organisms;Bacteria;Terrabacteria group;Cyanobacteria/Melainabacteria group;Cyanobacteria;Synechococcales;Prochloraceae;Prochlorococcus;Prochlorococus clade HL;Prochlorococus subclade HLII;Prochlorococus sp. SB	prochlorococcus	ProHL2
path:map00520	Amino sugar and nucleotide sugar metabolism	6/16	24/754	3.495484795627678e-6	6.641421111692588e-5	6.25507805533374e-5	SB_01740	6	SB	K00012	Udp-glucose 6-dehydrogenase	SB_2	1087481	1088920	NA	NA	NA	-	59926	cellular organisms;Bacteria;Terrabacteria group;Cyanobacteria/Melainabacteria group;Cyanobacteria;Synechococcales;Prochloraceae;Prochlorococcus;Prochlorococus clade HL;Prochlorococus subclade HLII;Prochlorococus sp. SB	prochlorococcus	ProHL2
path:map01120	Microbial metabolism in diverse environments	9/19	71/438	0.0011311309582149242	0.020360357247868638	0.013097305831962284	TMED216_00135	9	TMED216	K01845,K07257,K15681	Aminotransferase class-III	TMED216_3	117	1592	NA	NA	NA	+	1986812	Bacteria;Proteobacteria;Alphaproteobacteria;Pelagibacterales;Pelagibacterales clade IIa;Pelagibacterales subclade IIa_1;Pelagibacterales bacterium sp. TMED216	pelagibacterales	Pel2a
path:map01120	Microbial metabolism in diverse environments	9/19	71/438	0.0011311309582149242	0.020360357247868638	0.013097305831962284	TMED216_00140	9	TMED216	K09459	Phosphonopyruvate decarboxylase	TMED216_3	6894	8006	PPDA	TIGR03297	9.3e-119	+	1986812	Bacteria;Proteobacteria;Alphaproteobacteria;Pelagibacterales;Pelagibacterales clade IIa;Pelagibacterales subclade IIa_1;Pelagibacterales bacterium sp. TMED216	pelagibacterales	Pel2a
path:map01120	Microbial metabolism in diverse environments	9/19	71/438	0.0011311309582149242	0.020360357247868638	0.013097305831962284	TMED216_00141	9	TMED216	K01841	methylisocitrate lyase	TMED216_3	8003	8449	NA	NA	NA	+	1986812	Bacteria;Proteobacteria;Alphaproteobacteria;Pelagibacterales;Pelagibacterales clade IIa;Pelagibacterales subclade IIa_1;Pelagibacterales bacterium sp. TMED216	pelagibacterales	Pel2a
path:map01120	Microbial metabolism in diverse environments	9/19	71/438	0.0011311309582149242	0.020360357247868638	0.013097305831962284	TMED216_00142	9	TMED216	K00001,K12904,K18120	alcohol dehydrogenase	TMED216_3	8442	9539	PPDH	PF00465	1.8e-52	+	1986812	Bacteria;Proteobacteria;Alphaproteobacteria;Pelagibacterales;Pelagibacterales clade IIa;Pelagibacterales subclade IIa_1;Pelagibacterales bacterium sp. TMED216	pelagibacterales	Pel2a
path:map01120	Microbial metabolism in diverse environments	9/19	71/438	0.0011311309582149242	0.020360357247868638	0.013097305831962284	TMED216_00143	9	TMED216	K01841,K03417	Phosphoenolpyruvate phosphomutase	TMED216_3	9593	10897	PEPM	TIGR02320	5e-121	+	1986812	Bacteria;Proteobacteria;Alphaproteobacteria;Pelagibacterales;Pelagibacterales clade IIa;Pelagibacterales subclade IIa_1;Pelagibacterales bacterium sp. TMED216	pelagibacterales	Pel2a
path:map01120	Microbial metabolism in diverse environments	9/19	71/438	0.0011311309582149242	0.020360357247868638	0.013097305831962284	TMED216_00154	9	TMED216	K00616	Transaldolase	TMED216_3	18045	18743	NA	NA	NA	+	1986812	Bacteria;Proteobacteria;Alphaproteobacteria;Pelagibacterales;Pelagibacterales clade IIa;Pelagibacterales subclade IIa_1;Pelagibacterales bacterium sp. TMED216	pelagibacterales	Pel2a
path:map01120	Microbial metabolism in diverse environments	9/19	71/438	0.0011311309582149242	0.020360357247868638	0.013097305831962284	TMED216_00163	9	TMED216	K01623	fructose-bisphosphate aldolase	TMED216_3	22162	23175	NA	NA	NA	-	1986812	Bacteria;Proteobacteria;Alphaproteobacteria;Pelagibacterales;Pelagibacterales clade IIa;Pelagibacterales subclade IIa_1;Pelagibacterales bacterium sp. TMED216	pelagibacterales	Pel2a
path:map01120	Microbial metabolism in diverse environments	9/19	71/438	0.0011311309582149242	0.020360357247868638	0.013097305831962284	TMED216_00164	9	TMED216	K00927,K01803	Phosphoglycerate kinase	TMED216_3	23172	24371	NA	NA	NA	-	1986812	Bacteria;Proteobacteria;Alphaproteobacteria;Pelagibacterales;Pelagibacterales clade IIa;Pelagibacterales subclade IIa_1;Pelagibacterales bacterium sp. TMED216	pelagibacterales	Pel2a
path:map01120	Microbial metabolism in diverse environments	9/19	71/438	0.0011311309582149242	0.020360357247868638	0.013097305831962284	TMED216_00165	9	TMED216	K00615	Transketolase (EC 2.2.1.1)	TMED216_3	24380	26359	NA	NA	NA	-	1986812	Bacteria;Proteobacteria;Alphaproteobacteria;Pelagibacterales;Pelagibacterales clade IIa;Pelagibacterales subclade IIa_1;Pelagibacterales bacterium sp. TMED216	pelagibacterales	Pel2a
path:map00520	Amino sugar and nucleotide sugar metabolism	8/14	68/680	1.241982154328312e-5	1.4903785851939745e-4	1.3073496361350653e-4	TMED64_01244	8	TMED64	K01654	synthase	TMED64_61	170	1237	NA	NA	NA	+	1986830	Bacteria;Proteobacteria;Alphaproteobacteria;Pelagibacterales;Pelagibacterales clade IIb;Pelagibacterales bacterium sp. TMED64	pelagibacterales	Pel2b
path:map00520	Amino sugar and nucleotide sugar metabolism	8/14	68/680	1.241982154328312e-5	1.4903785851939745e-4	1.3073496361350653e-4	TMED64_01246	8	TMED64	K13010,K15895	DegT DnrJ EryC1 StrS aminotransferase	TMED64_61	1877	3919	NA	NA	NA	-	1986830	Bacteria;Proteobacteria;Alphaproteobacteria;Pelagibacterales;Pelagibacterales clade IIb;Pelagibacterales bacterium sp. TMED64	pelagibacterales	Pel2b
path:map00520	Amino sugar and nucleotide sugar metabolism	8/14	68/680	1.241982154328312e-5	1.4903785851939745e-4	1.3073496361350653e-4	TMED64_01253	8	TMED64	K01654,K15898,K18430	synthase	TMED64_61	9659	10681	NA	NA	NA	+	1986830	Bacteria;Proteobacteria;Alphaproteobacteria;Pelagibacterales;Pelagibacterales clade IIb;Pelagibacterales bacterium sp. TMED64	pelagibacterales	Pel2b
path:map00520	Amino sugar and nucleotide sugar metabolism	8/14	68/680	1.241982154328312e-5	1.4903785851939745e-4	1.3073496361350653e-4	TMED64_01254	8	TMED64	K15894	polysaccharide biosynthesis protein	TMED64_61	10690	11703	NA	NA	NA	+	1986830	Bacteria;Proteobacteria;Alphaproteobacteria;Pelagibacterales;Pelagibacterales clade IIb;Pelagibacterales bacterium sp. TMED64	pelagibacterales	Pel2b
path:map00520	Amino sugar and nucleotide sugar metabolism	8/14	68/680	1.241982154328312e-5	1.4903785851939745e-4	1.3073496361350653e-4	TMED64_01261	8	TMED64	K13010	DegT DnrJ EryC1 StrS aminotransferase	TMED64_61	17960	19072	NA	NA	NA	+	1986830	Bacteria;Proteobacteria;Alphaproteobacteria;Pelagibacterales;Pelagibacterales clade IIb;Pelagibacterales bacterium sp. TMED64	pelagibacterales	Pel2b
path:map00520	Amino sugar and nucleotide sugar metabolism	8/14	68/680	1.241982154328312e-5	1.4903785851939745e-4	1.3073496361350653e-4	TMED64_01262	8	TMED64	K01654,K15898,K18430	synthase	TMED64_61	19088	20149	NA	NA	NA	+	1986830	Bacteria;Proteobacteria;Alphaproteobacteria;Pelagibacterales;Pelagibacterales clade IIb;Pelagibacterales bacterium sp. TMED64	pelagibacterales	Pel2b
path:map00520	Amino sugar and nucleotide sugar metabolism	8/14	68/680	1.241982154328312e-5	1.4903785851939745e-4	1.3073496361350653e-4	TMED64_01265	8	TMED64	K01711	Gdp-mannose 4,6-dehydratase	TMED64_61	21614	22639	NA	NA	NA	+	1986830	Bacteria;Proteobacteria;Alphaproteobacteria;Pelagibacterales;Pelagibacterales clade IIb;Pelagibacterales bacterium sp. TMED64	pelagibacterales	Pel2b
path:map00520	Amino sugar and nucleotide sugar metabolism	8/14	68/680	1.241982154328312e-5	1.4903785851939745e-4	1.3073496361350653e-4	TMED64_01266	8	TMED64	K00983,K18431	Cytidylyltransferase	TMED64_61	22629	23315	NA	NA	NA	+	1986830	Bacteria;Proteobacteria;Alphaproteobacteria;Pelagibacterales;Pelagibacterales clade IIb;Pelagibacterales bacterium sp. TMED64	pelagibacterales	Pel2b
