122	Planctomycetes	cellular organisms;Bacteria;PVC group;Planctomycetes;Planctomycetia;Planctomycetales;Planctomycetaceae;Gimesia;Gimesia maris
287	Gammaproteobacteria	cellular organisms;Bacteria;Proteobacteria;Gammaproteobacteria;Pseudomonadales;Pseudomonadaceae;Pseudomonas;Pseudomonas aeruginosa group;Pseudomonas aeruginosa
472	Gammaproteobacteria	cellular organisms;Bacteria;Proteobacteria;Gammaproteobacteria;Pseudomonadales;Moraxellaceae;Acinetobacter;Acinetobacter sp.
817	bacteroidetes	cellular organisms;Bacteria;FCB group;Bacteroidetes/Chlorobi group;Bacteroidetes;Bacteroidia;Bacteroidales;Bacteroidaceae;Bacteroides;Bacteroides fragilis
29503	Deltaproteobacteria	cellular organisms;Bacteria;Proteobacteria;delta/epsilon subdivisions;Deltaproteobacteria;Desulfovibrionales;Desulfomicrobiaceae;Desulfomicrobium;Desulfomicrobium escambiense
32024	Epsilonproteobacteria	cellular organisms;Bacteria;Proteobacteria;delta/epsilon subdivisions;Epsilonproteobacteria;Campylobacterales;Campylobacteraceae;Campylobacter;Campylobacter sputorum;Campylobacter sputorum biovar sputorum
43657	Gammaproteobacteria	cellular organisms;Bacteria;Proteobacteria;Gammaproteobacteria;Alteromonadales;Pseudoalteromonadaceae;Pseudoalteromonas;Pseudoalteromonas luteoviolacea
45067	Gammaproteobacteria	cellular organisms;Bacteria;Proteobacteria;Gammaproteobacteria;Legionellales;Legionellaceae;Legionella;Legionella lansingensis
76112	Betaproteobacteria	cellular organisms;Bacteria;Proteobacteria;Betaproteobacteria;Rhodocyclales;Zoogloeaceae;Thauera;Thauera linaloolentis
91352	Epsilonproteobacteria	cellular organisms;Bacteria;Proteobacteria;delta/epsilon subdivisions;Epsilonproteobacteria;Campylobacterales;Campylobacteraceae;Campylobacter;Campylobacter hyointestinalis;Campylobacter hyointestinalis subsp. hyointestinalis
125614	Gammaproteobacteria	cellular organisms;Bacteria;Proteobacteria;Gammaproteobacteria;Thiotrichales;Thiotrichaceae;Thiothrix;Thiothrix disciformis
137722	Rhodospirillales	cellular organisms;Bacteria;Proteobacteria;Alphaproteobacteria;Rhodospirillales;Rhodospirillaceae;Azospirillum;Azospirillum lipoferum;Azospirillum sp. B510
148813	Epsilonproteobacteria	cellular organisms;Bacteria;Proteobacteria;delta/epsilon subdivisions;Epsilonproteobacteria;Campylobacterales;Helicobacteraceae;Sulfuricurvum;Sulfuricurvum kujiense
159290	Deltaproteobacteria	cellular organisms;Bacteria;Proteobacteria;delta/epsilon subdivisions;Deltaproteobacteria;Desulfovibrionales;Desulfonatronaceae;Desulfonatronum;Desulfonatronum thiodismutans
172088	Rhizobiales	cellular organisms;Bacteria;Proteobacteria;Alphaproteobacteria;Rhizobiales;Bradyrhizobiaceae;Bradyrhizobium;Bradyrhizobium sp. th.b2
195907	bacteroidetes	cellular organisms;Bacteria;FCB group;Bacteroidetes/Chlorobi group;Bacteroidetes;Flavobacteriia;Flavobacteriales;Flavobacteriaceae;Gillisia;Gillisia limnaea
198628	Gammaproteobacteria	cellular organisms;Bacteria;Proteobacteria;Gammaproteobacteria;Enterobacterales;Pectobacteriaceae;Dickeya;Dickeya dadantii;Dickeya dadantii 3937
202747	Epsilonproteobacteria	cellular organisms;Bacteria;Proteobacteria;delta/epsilon subdivisions;Epsilonproteobacteria;Campylobacterales;Helicobacteraceae;Sulfurimonas;Sulfurimonas autotrophica
211165	Cyanobacteria	cellular organisms;Bacteria;Terrabacteria group;Cyanobacteria/Melainabacteria group;Cyanobacteria;Nostocales;Chlorogloeopsidaceae;Chlorogloeopsis;Chlorogloeopsis fritschii;Chlorogloeopsis fritschii PCC 6912
226504	bacteroidetes	cellular organisms;Bacteria;FCB group;Bacteroidetes/Chlorobi group;Bacteroidetes;Cytophagia;Cytophagales;Cyclobacteriaceae;Algoriphagus;Algoriphagus mannitolivorans
237368	Planctomycetes	cellular organisms;Bacteria;PVC group;Planctomycetes;Planctomycetia;Candidatus Brocadiales;Candidatus Brocadiaceae;Candidatus Scalindua;Candidatus Scalindua brodae
241555	Firmicutes	cellular organisms;Bacteria;Terrabacteria group;Firmicutes;Tissierellia;Tissierellales;Peptoniphilaceae;Helcococcus;Helcococcus sueciensis
247634	Gammaproteobacteria	cellular organisms;Bacteria;Proteobacteria;Gammaproteobacteria;Cellvibrionales;Halieaceae;unclassified Halieaceae;marine gamma proteobacterium HTCC2148
266835	Rhizobiales	cellular organisms;Bacteria;Proteobacteria;Alphaproteobacteria;Rhizobiales;Phyllobacteriaceae;Mesorhizobium;Mesorhizobium japonicum;Mesorhizobium japonicum MAFF 303099
272559	bacteroidetes	cellular organisms;Bacteria;FCB group;Bacteroidetes/Chlorobi group;Bacteroidetes;Bacteroidia;Bacteroidales;Bacteroidaceae;Bacteroides;Bacteroides fragilis;Bacteroides fragilis NCTC 9343
278991	Firmicutes	cellular organisms;Bacteria;Terrabacteria group;Firmicutes;Bacilli;Bacillales;Paenibacillaceae;Aneurinibacillus group;Aneurinibacillus;Aneurinibacillus terranovensis
283165	Rhizobiales	cellular organisms;Bacteria;Proteobacteria;Alphaproteobacteria;Rhizobiales;Bartonellaceae;Bartonella;Bartonella quintana;Bartonella quintana str. Toulouse
290315	bacteroidetes	cellular organisms;Bacteria;FCB group;Bacteroidetes/Chlorobi group;Chlorobi;Chlorobia;Chlorobiales;Chlorobiaceae;Chlorobium/Pelodictyon group;Chlorobium;Chlorobium limicola;Chlorobium limicola DSM 245
314277	Gammaproteobacteria	cellular organisms;Bacteria;Proteobacteria;Gammaproteobacteria;Oceanospirillales;Oceanospirillaceae;Marinomonas;Marinomonas sp. MED121
317025	Gammaproteobacteria	cellular organisms;Bacteria;Proteobacteria;Gammaproteobacteria;Thiotrichales;Piscirickettsiaceae;Hydrogenovibrio;Hydrogenovibrio crunogenus;Hydrogenovibrio crunogenus XCL-2
327160	Betaproteobacteria	cellular organisms;Bacteria;Proteobacteria;Betaproteobacteria;unclassified Betaproteobacteria;Candidatus Accumulibacter;Candidatus Accumulibacter phosphatis
331678	bacteroidetes	cellular organisms;Bacteria;FCB group;Bacteroidetes/Chlorobi group;Chlorobi;Chlorobia;Chlorobiales;Chlorobiaceae;Chlorobium/Pelodictyon group;Chlorobium;Chlorobium phaeobacteroides;Chlorobium phaeobacteroides BS1
349520	Firmicutes	cellular organisms;Bacteria;Terrabacteria group;Firmicutes;Bacilli;Bacillales;Paenibacillaceae;Paenibacillus;Paenibacillus polymyxa;Paenibacillus polymyxa E681
351605	Deltaproteobacteria	cellular organisms;Bacteria;Proteobacteria;delta/epsilon subdivisions;Deltaproteobacteria;Desulfuromonadales;Geobacteraceae;Geobacter;Geobacter uraniireducens;Geobacter uraniireducens Rf4
360106	Epsilonproteobacteria	cellular organisms;Bacteria;Proteobacteria;delta/epsilon subdivisions;Epsilonproteobacteria;Campylobacterales;Campylobacteraceae;Campylobacter;Campylobacter fetus;Campylobacter fetus subsp. fetus;Campylobacter fetus subsp. fetus 82-40
386456	Euryarchaeota	cellular organisms;Archaea;Euryarchaeota;Methanobacteria;Methanobacteriales;Methanobacteriaceae;Methanobacterium;Methanobacterium arcticum
390877	Rhodospirillales	cellular organisms;Bacteria;Proteobacteria;Alphaproteobacteria;Rhodospirillales;Rhodospirillaceae;Nisaea;Nisaea denitrificans
394935	Betaproteobacteria	cellular organisms;Bacteria;Proteobacteria;Betaproteobacteria;Neisseriales;Chromobacteriaceae;Chromobacterium group;Chromobacterium;Chromobacterium haemolyticum
396808	Betaproteobacteria	cellular organisms;Bacteria;Proteobacteria;Betaproteobacteria;Neisseriales;Chromobacteriaceae;Andreprevotia;Andreprevotia chitinilytica
398525	Rhizobiales	cellular organisms;Bacteria;Proteobacteria;Alphaproteobacteria;Rhizobiales;Bradyrhizobiaceae;Bradyrhizobium;Bradyrhizobium elkanii;Bradyrhizobium elkanii USDA 76
404770	Gammaproteobacteria	cellular organisms;Bacteria;Proteobacteria;Gammaproteobacteria;Oceanospirillales;Oceanospirillaceae;Marinobacterium;Marinobacterium litorale
444922	Gammaproteobacteria	cellular organisms;Bacteria;Proteobacteria;Gammaproteobacteria;Alteromonadales;Psychromonadaceae;Psychromonas;Psychromonas ossibalaenae
513049	Cyanobacteria	cellular organisms;Bacteria;Terrabacteria group;Cyanobacteria/Melainabacteria group;Cyanobacteria;Oscillatoriophycideae;Oscillatoriales;Microcoleaceae;Arthrospira;Arthrospira maxima;Arthrospira maxima CS-328
543769	eukaryotes	cellular organisms;Eukaryota;Rhizaria
563040	Epsilonproteobacteria	cellular organisms;Bacteria;Proteobacteria;delta/epsilon subdivisions;Epsilonproteobacteria;Campylobacterales;Helicobacteraceae;Sulfurimonas;Sulfurimonas autotrophica;Sulfurimonas autotrophica DSM 16294
614083	Betaproteobacteria	cellular organisms;Bacteria;Proteobacteria;Betaproteobacteria;Burkholderiales;Comamonadaceae;Rhodoferax;Rhodoferax saidenbachensis;Rhodoferax saidenbachensis ED16
632245	Firmicutes	cellular organisms;Bacteria;Terrabacteria group;Firmicutes;Clostridia;Clostridiales;Clostridiaceae;Clostridium;Clostridium butyricum;Clostridium butyricum E4 str. BoNT E BL5262
644295	Euryarchaeota	cellular organisms;Archaea;Euryarchaeota;Methanomicrobia;Methanosarcinales;Methanosarcinaceae;Methanohalobium;Methanohalobium evestigatum;Methanohalobium evestigatum Z-7303
690585	Rhizobiales	cellular organisms;Bacteria;Proteobacteria;Alphaproteobacteria;Rhizobiales;Rhizobiaceae;Rhizobium/Agrobacterium group;Rhizobium;Rhizobium vignae
696747	Cyanobacteria	cellular organisms;Bacteria;Terrabacteria group;Cyanobacteria/Melainabacteria group;Cyanobacteria;Oscillatoriophycideae;Oscillatoriales;Microcoleaceae;Arthrospira;Arthrospira platensis;Arthrospira platensis NIES-39
709032	Epsilonproteobacteria	cellular organisms;Bacteria;Proteobacteria;delta/epsilon subdivisions;Epsilonproteobacteria;Campylobacterales;Helicobacteraceae;Sulfuricurvum;Sulfuricurvum kujiense;Sulfuricurvum kujiense DSM 16994
722419	Gammaproteobacteria	cellular organisms;Bacteria;Proteobacteria;Gammaproteobacteria;Alteromonadales;Pseudoalteromonadaceae;Pseudoalteromonas;Pseudoalteromonas haloplanktis;Pseudoalteromonas haloplanktis ANT/505
744980	Rhodobacterales	cellular organisms;Bacteria;Proteobacteria;Alphaproteobacteria;Rhodobacterales;Rhodobacteraceae;Roseibium;Roseibium sp. TrichSKD4
758847	Spirochaetes	cellular organisms;Bacteria;Spirochaetes;Spirochaetia;Leptospirales;Leptospiraceae;Leptospira;Leptospira santarosai;Leptospira santarosai serovar Shermani;Leptospira santarosai serovar Shermani str. LT 821
857087	Gammaproteobacteria	cellular organisms;Bacteria;Proteobacteria;Gammaproteobacteria;Methylococcales;Methylococcaceae;Methylomonas;Methylomonas methanica;Methylomonas methanica MC09
865937	bacteroidetes	cellular organisms;Bacteria;FCB group;Bacteroidetes/Chlorobi group;Bacteroidetes;Flavobacteriia;Flavobacteriales;Flavobacteriaceae;Gillisia;Gillisia limnaea;Gillisia limnaea DSM 15749
886738	Thaumarchaeota	cellular organisms;Archaea;TACK group;Thaumarchaeota;Nitrosopumilales;Nitrosopumilaceae;Candidatus Nitrosoarchaeum;Candidatus Nitrosoarchaeum limnia;Candidatus Nitrosoarchaeum limnia SFB1
904296	Firmicutes	cellular organisms;Bacteria;Terrabacteria group;Firmicutes;Clostridia;Clostridiales;Lachnospiraceae;Oribacterium;Oribacterium sp. oral taxon 108;Oribacterium sp. oral taxon 108 str. F0425
913333	Thaumarchaeota	cellular organisms;Archaea;TACK group;Thaumarchaeota;unclassified Thaumarchaeota;Marine Group I;Thaumarchaeota archaeon SCGC AAA007-O23
913337	Nitrospinia	cellular organisms;Bacteria;Nitrospinae/Tectomicrobia group;Nitrospinae;Nitrospinia;Nitrospinales;Nitrospinaceae;Nitrospina;Nitrospina sp. SCGC AAA288-L16
929558	Epsilonproteobacteria	cellular organisms;Bacteria;Proteobacteria;delta/epsilon subdivisions;Epsilonproteobacteria;Campylobacterales;Helicobacteraceae;Sulfurimonas;Sulfurimonas gotlandica;Sulfurimonas gotlandica GD1
931276	Firmicutes	cellular organisms;Bacteria;Terrabacteria group;Firmicutes;Clostridia;Clostridiales;Clostridiaceae;Clostridium;Clostridium saccharoperbutylacetonicum;Clostridium saccharoperbutylacetonicum N1-4;Clostridium saccharoperbutylacetonicum N1-4(HMT)
939714	Gemmatimonadetes	cellular organisms;Bacteria;FCB group;Gemmatimonadetes;unclassified Gemmatimonadetes;Gemmatimonadetes bacterium SCGC AAA240-J22
944547	Epsilonproteobacteria	cellular organisms;Bacteria;Proteobacteria;delta/epsilon subdivisions;Epsilonproteobacteria;Campylobacterales;Campylobacteraceae;Arcobacter;Arcobacter sp. L
944559	Firmicutes	cellular organisms;Bacteria;Terrabacteria group;Firmicutes;Bacilli;Bacillales;Paenibacillaceae;Paenibacillus;Paenibacillus sp. HGF7
979226	Firmicutes	cellular organisms;Bacteria;Terrabacteria group;Firmicutes;Bacilli;Bacillales;Paenibacillaceae;Cohnella;Cohnella panacarvi;Cohnella panacarvi Gsoil 349
983328	Epsilonproteobacteria	cellular organisms;Bacteria;Proteobacteria;delta/epsilon subdivisions;Epsilonproteobacteria;Campylobacterales;Campylobacteraceae;Campylobacter;Campylobacter fetus;Campylobacter fetus subsp. venerealis;Campylobacter fetus subsp. venerealis NCTC 10354
1009415	Verrucomicrobia	cellular organisms;Bacteria;PVC group;Verrucomicrobia;unclassified Verrucomicrobia;unclassified Verrucomicrobia (miscellaneous);Verrucomicrobia bacterium SCGC AAA164-E04
1040987	Rhizobiales	cellular organisms;Bacteria;Proteobacteria;Alphaproteobacteria;Rhizobiales;Phyllobacteriaceae;Mesorhizobium;Mesorhizobium sp. WSM3626
1042163	Firmicutes	cellular organisms;Bacteria;Terrabacteria group;Firmicutes;Bacilli;Bacillales;Paenibacillaceae;Brevibacillus;Brevibacillus laterosporus;Brevibacillus laterosporus LMG 15441
1042377	Gammaproteobacteria	cellular organisms;Bacteria;Proteobacteria;Gammaproteobacteria;Cellvibrionales;Microbulbiferaceae;Microbulbifer;Microbulbifer agarilyticus;Microbulbifer agarilyticus S89
1049973	Spirochaetes	cellular organisms;Bacteria;Spirochaetes;Spirochaetia;Leptospirales;Leptospiraceae;Leptospira;Leptospira noguchii;Leptospira noguchii str. 1993005606
1054460	Firmicutes	cellular organisms;Bacteria;Terrabacteria group;Firmicutes;Bacilli;Lactobacillales;Streptococcaceae;Streptococcus;Streptococcus pseudopneumoniae;Streptococcus pseudopneumoniae IS7493
1088540	Spirochaetes	cellular organisms;Bacteria;Spirochaetes;Spirochaetia;Leptospirales;Leptospiraceae;Leptospira;Leptospira weilii;Leptospira weilii serovar Topaz;Leptospira weilii serovar Topaz str. LT2116
1112274	Betaproteobacteria	cellular organisms;Bacteria;Proteobacteria;Betaproteobacteria;Nitrosomonadales;Methylophilaceae;Methylophilus;Methylophilus sp. 5
1116472	Gammaproteobacteria	cellular organisms;Bacteria;Proteobacteria;Gammaproteobacteria;Methylococcales;Methylococcaceae;Methyloglobulus;Methyloglobulus morosus;Methyloglobulus morosus KoM1
1120965	bacteroidetes	cellular organisms;Bacteria;FCB group;Bacteroidetes/Chlorobi group;Bacteroidetes;Cytophagia;Cytophagales;Cyclobacteriaceae;Algoriphagus;Algoriphagus mannitolivorans;Algoriphagus mannitolivorans DSM 15301
1120999	Betaproteobacteria	cellular organisms;Bacteria;Proteobacteria;Betaproteobacteria;Neisseriales;Chromobacteriaceae;Andreprevotia;Andreprevotia chitinilytica;Andreprevotia chitinilytica DSM 18519
1121411	Deltaproteobacteria	cellular organisms;Bacteria;Proteobacteria;delta/epsilon subdivisions;Deltaproteobacteria;Desulfovibrionales;Desulfomicrobiaceae;Desulfomicrobium;Desulfomicrobium escambiense;Desulfomicrobium escambiense DSM 10707
1121947	Firmicutes	cellular organisms;Bacteria;Terrabacteria group;Firmicutes;Tissierellia;Tissierellales;Peptoniphilaceae;Helcococcus;Helcococcus sueciensis;Helcococcus sueciensis DSM 17243
1122164	Gammaproteobacteria	cellular organisms;Bacteria;Proteobacteria;Gammaproteobacteria;Legionellales;Legionellaceae;Legionella;Legionella lansingensis;Legionella lansingensis DSM 19556 = ATCC 49751
1122201	Gammaproteobacteria	cellular organisms;Bacteria;Proteobacteria;Gammaproteobacteria;Oceanospirillales;Oceanospirillaceae;Marinobacterium;Marinobacterium litorale;Marinobacterium litorale DSM 23545
1123399	Gammaproteobacteria	cellular organisms;Bacteria;Proteobacteria;Gammaproteobacteria;Thiotrichales;Thiotrichaceae;Thiothrix;Thiothrix disciformis;Thiothrix disciformis DSM 14473
1131266	Thaumarchaeota	cellular organisms;Archaea;TACK group;Thaumarchaeota;unclassified Thaumarchaeota;Marine Group I;Marine Group I thaumarchaeote SCGC AB-629-I23
1131269	Nitrospinia	cellular organisms;Bacteria;Nitrospinae/Tectomicrobia group;Nitrospinae;Nitrospinia;Nitrospinales;Nitrospinaceae;Nitrospina;Nitrospina sp. AB-629-B18
1156417	Firmicutes	cellular organisms;Bacteria;Terrabacteria group;Firmicutes;Clostridia;Clostridiales;Clostridiaceae;Caloranaerobacter;Caloranaerobacter azorensis;Caloranaerobacter azorensis H53214
1191523	bacteroidetes	cellular organisms;Bacteria;FCB group;Bacteroidetes/Chlorobi group;Ignavibacteriae;Ignavibacteria;Ignavibacteriales;Melioribacteraceae;Melioribacter;Melioribacter roseus;Melioribacter roseus P3M-2
1195236	Firmicutes	cellular organisms;Bacteria;Terrabacteria group;Firmicutes;Clostridia;Clostridiales;Ruminococcaceae;Ruminiclostridium;[Clostridium] termitidis;[Clostridium] termitidis CT1112
1196322	Firmicutes	cellular organisms;Bacteria;Terrabacteria group;Firmicutes;Clostridia;Clostridiales;Clostridiaceae;Clostridium;Clostridium sp. Maddingley MBC34-26
1204725	Euryarchaeota	cellular organisms;Archaea;Euryarchaeota;Methanobacteria;Methanobacteriales;Methanobacteriaceae;Methanobacterium;Methanobacterium formicicum;Methanobacterium formicicum DSM 3637
1218565	Spirochaetes	cellular organisms;Bacteria;Spirochaetes;Spirochaetia;Leptospirales;Leptospiraceae;Leptospira;Leptospira alstonii;Leptospira alstonii serovar Sichuan;Leptospira alstonii serovar Sichuan str. 79601
1229486	Gammaproteobacteria	cellular organisms;Bacteria;Proteobacteria;Gammaproteobacteria;unclassified Gammaproteobacteria;unclassified Gammaproteobacteria (miscellaneous);gamma proteobacterium L18
1235798	Firmicutes	cellular organisms;Bacteria;Terrabacteria group;Firmicutes;Clostridia;Clostridiales;Lachnospiraceae;Dorea;Dorea sp. 5-2
1278307	Gammaproteobacteria	cellular organisms;Bacteria;Proteobacteria;Gammaproteobacteria;Alteromonadales;Psychromonadaceae;Psychromonas;Psychromonas ossibalaenae;Psychromonas ossibalaenae ATCC BAA-1528
1280679	Firmicutes	cellular organisms;Bacteria;Terrabacteria group;Firmicutes;Clostridia;Clostridiales;Lachnospiraceae;Butyrivibrio;Butyrivibrio sp. VCB2006
1295642	Firmicutes	cellular organisms;Bacteria;Terrabacteria group;Firmicutes;Bacilli;Bacillales;Bacillaceae;Parageobacillus;Parageobacillus genomosp. 1
1298608	Gammaproteobacteria	cellular organisms;Bacteria;Proteobacteria;Gammaproteobacteria;Pseudomonadales;Moraxellaceae;Psychrobacter;Psychrobacter sp. JCM 18900
1313421	bacteroidetes	cellular organisms;Bacteria;FCB group;Bacteroidetes/Chlorobi group;Bacteroidetes;Saprospiria;Saprospirales;Saprospiraceae;Aureispira;Aureispira sp. CCB-QB1
1315313	Gammaproteobacteria	cellular organisms;Bacteria;Proteobacteria;Gammaproteobacteria;Vibrionales;Vibrionaceae;Vibrio;Vibrio fluvialis;Vibrio fluvialis 539
1395571	Gammaproteobacteria	cellular organisms;Bacteria;Proteobacteria;Gammaproteobacteria;Pseudomonadales;Pseudomonadaceae;Pseudomonas;Pseudomonas taeanensis;Pseudomonas taeanensis MS-3
1410676	Gammaproteobacteria	cellular organisms;Bacteria;Proteobacteria;Gammaproteobacteria;Aeromonadales;Succinivibrionaceae;Succinivibrio;Succinivibrio dextrinosolvens;Succinivibrio dextrinosolvens H5
1430440	Rhodospirillales	cellular organisms;Bacteria;Proteobacteria;Alphaproteobacteria;Rhodospirillales;Rhodospirillaceae;Magnetospirillum;Magnetospirillum gryphiswaldense;Magnetospirillum gryphiswaldense MSR-1;Magnetospirillum gryphiswaldense MSR-1 v2
1453352	bacteroidetes	cellular organisms;Bacteria;FCB group;Bacteroidetes/Chlorobi group;Bacteroidetes;Flavobacteriia;Flavobacteriales;Flavobacteriaceae;Sediminicola;Sediminicola sp. YIK13
1454004	Betaproteobacteria	cellular organisms;Bacteria;Proteobacteria;Betaproteobacteria;unclassified Betaproteobacteria;Candidatus Accumulibacter;Candidatus Accumulibacter sp. BA-93
1486257	Rhodobacterales	cellular organisms;Bacteria;Proteobacteria;Alphaproteobacteria;Rhodobacterales;Hyphomonadaceae;Maricaulis;Maricaulis sp.
1548147	Epsilonproteobacteria	cellular organisms;Bacteria;Proteobacteria;delta/epsilon subdivisions;Epsilonproteobacteria;Campylobacterales;Helicobacteraceae;Helicobacter;Helicobacter sp. MIT 03-1614
1811661	Gammaproteobacteria	cellular organisms;Bacteria;Proteobacteria;Gammaproteobacteria;unclassified Gammaproteobacteria;unclassified Gammaproteobacteria (miscellaneous);Gammaproteobacteria bacterium REDSEA-S03_B5
1811664	Gammaproteobacteria	cellular organisms;Bacteria;Proteobacteria;Gammaproteobacteria;unclassified Gammaproteobacteria;unclassified Gammaproteobacteria (miscellaneous);Gammaproteobacteria bacterium REDSEA-S12_B4
1869227	bacteria	cellular organisms;Bacteria;unclassified Bacteria;unclassified Bacteria (miscellaneous);bacterium
1871037	bacteroidetes	cellular organisms;Bacteria;FCB group;Bacteroidetes/Chlorobi group;Bacteroidetes;Flavobacteriia;Flavobacteriales;Flavobacteriaceae;unclassified Flavobacteriaceae;Flavobacteriaceae bacterium
1872629	Epsilonproteobacteria	cellular organisms;Bacteria;Proteobacteria;delta/epsilon subdivisions;Epsilonproteobacteria;Campylobacterales;Campylobacteraceae;Arcobacter;Arcobacter sp.
1883427	Actinobacteria	cellular organisms;Bacteria;Terrabacteria group;Actinobacteria;Actinobacteria;unclassified Actinobacteria (class);unclassified Actinobacteria (class) (miscellaneous);Actinobacteria bacterium
1898112	Rhodospirillales	cellular organisms;Bacteria;Proteobacteria;Alphaproteobacteria;Rhodospirillales;Rhodospirillaceae;unclassified Rhodospirillaceae;Rhodospirillaceae bacterium
1904441	Rhodobacterales	cellular organisms;Bacteria;Proteobacteria;Alphaproteobacteria;Rhodobacterales;Rhodobacteraceae;unclassified Rhodobacteraceae;Rhodobacteraceae bacterium
1913988	alphaproteobacteria	cellular organisms;Bacteria;Proteobacteria;Alphaproteobacteria;unclassified Alphaproteobacteria;unclassified Alphaproteobacteria (miscellaneous);Alphaproteobacteria bacterium
1913989	Gammaproteobacteria	cellular organisms;Bacteria;Proteobacteria;Gammaproteobacteria;unclassified Gammaproteobacteria;unclassified Gammaproteobacteria (miscellaneous);Gammaproteobacteria bacterium
1915554	Euryarchaeota	cellular organisms;Archaea;Euryarchaeota;Methanomicrobia;Methanomicrobiales;Methanoregulaceae;Methanoregula;Methanoregula sp. UBA64
1915626	Euryarchaeota	cellular organisms;Archaea;Euryarchaeota;Methanomicrobia;Methanocellales;Methanocellaceae;unclassified Methanocellaceae;Methanocellaceae archaeon UBA148
1915715	Euryarchaeota	cellular organisms;Archaea;Euryarchaeota;Thermoplasmata;Thermoplasmatales;unclassified Thermoplasmatales;unclassified Thermoplasmatales (miscellaneous);Thermoplasmatales archaeon UBA444
1917430	archaea	cellular organisms;Archaea;unclassified Archaea;unclassified Archaea (miscellaneous);archaeon UBA140
1917431	archaea	cellular organisms;Archaea;unclassified Archaea;unclassified Archaea (miscellaneous);archaeon UBA490
1946044	Epsilonproteobacteria	cellular organisms;Bacteria;Proteobacteria;delta/epsilon subdivisions;Epsilonproteobacteria;Campylobacterales;Campylobacteraceae;Arcobacter;Arcobacter sp. UBA1348
1946045	Epsilonproteobacteria	cellular organisms;Bacteria;Proteobacteria;delta/epsilon subdivisions;Epsilonproteobacteria;Campylobacterales;Campylobacteraceae;Arcobacter;Arcobacter sp. UBA2431
1946046	Epsilonproteobacteria	cellular organisms;Bacteria;Proteobacteria;delta/epsilon subdivisions;Epsilonproteobacteria;Campylobacterales;Campylobacteraceae;Arcobacter;Arcobacter sp. UBA2434
1946047	Epsilonproteobacteria	cellular organisms;Bacteria;Proteobacteria;delta/epsilon subdivisions;Epsilonproteobacteria;Campylobacterales;Campylobacteraceae;Arcobacter;Arcobacter sp. UBA2438
1946048	Epsilonproteobacteria	cellular organisms;Bacteria;Proteobacteria;delta/epsilon subdivisions;Epsilonproteobacteria;Campylobacterales;Campylobacteraceae;Arcobacter;Arcobacter sp. UBA2443
1946049	Epsilonproteobacteria	cellular organisms;Bacteria;Proteobacteria;delta/epsilon subdivisions;Epsilonproteobacteria;Campylobacterales;Campylobacteraceae;Arcobacter;Arcobacter sp. UBA4038
1946346	Firmicutes	cellular organisms;Bacteria;Terrabacteria group;Firmicutes;Clostridia;Clostridiales;Clostridiaceae;Clostridium;Clostridium sp. UBA1056
1946413	Firmicutes	cellular organisms;Bacteria;Terrabacteria group;Firmicutes;Clostridia;Clostridiales;Peptococcaceae;Desulfosporosinus;Desulfosporosinus sp. UBA5775
1946908	alphaproteobacteria	cellular organisms;Bacteria;Proteobacteria;Alphaproteobacteria;unclassified Alphaproteobacteria;Micavibrio;Micavibrio sp. UBA1672
1946961	bacteroidetes	cellular organisms;Bacteria;FCB group;Bacteroidetes/Chlorobi group;Bacteroidetes;Sphingobacteriia;Sphingobacteriales;Sphingobacteriaceae;Mucilaginibacter;Mucilaginibacter sp. UBA4119
1946964	bacteroidetes	cellular organisms;Bacteria;FCB group;Bacteroidetes/Chlorobi group;Bacteroidetes;Sphingobacteriia;Sphingobacteriales;Sphingobacteriaceae;Mucilaginibacter;Mucilaginibacter sp. UBA5151
1946966	bacteroidetes	cellular organisms;Bacteria;FCB group;Bacteroidetes/Chlorobi group;Bacteroidetes;Sphingobacteriia;Sphingobacteriales;Sphingobacteriaceae;Mucilaginibacter;Mucilaginibacter sp. UBA6044
1947402	Firmicutes	cellular organisms;Bacteria;Terrabacteria group;Firmicutes;Clostridia;Clostridiales;Ruminococcaceae;Ruminiclostridium;Ruminiclostridium sp. UBA3934
1948173	proteobacteria	cellular organisms;Bacteria;Proteobacteria;unclassified Proteobacteria;unclassified Proteobacteria (miscellaneous);Proteobacteria bacterium UBA4455
1948174	proteobacteria	cellular organisms;Bacteria;Proteobacteria;unclassified Proteobacteria;unclassified Proteobacteria (miscellaneous);Proteobacteria bacterium UBA4457
1948185	proteobacteria	cellular organisms;Bacteria;Proteobacteria;unclassified Proteobacteria;unclassified Proteobacteria (miscellaneous);Proteobacteria bacterium UBA5680
1948198	proteobacteria	cellular organisms;Bacteria;Proteobacteria;unclassified Proteobacteria;unclassified Proteobacteria (miscellaneous);Proteobacteria bacterium UBA664
1948226	proteobacteria	cellular organisms;Bacteria;Proteobacteria;unclassified Proteobacteria;unclassified Proteobacteria (miscellaneous);Proteobacteria bacterium UBA981
1948360	alphaproteobacteria	cellular organisms;Bacteria;Proteobacteria;Alphaproteobacteria;unclassified Alphaproteobacteria;unclassified Alphaproteobacteria (miscellaneous);Alphaproteobacteria bacterium UBA1330
1948361	alphaproteobacteria	cellular organisms;Bacteria;Proteobacteria;Alphaproteobacteria;unclassified Alphaproteobacteria;unclassified Alphaproteobacteria (miscellaneous);Alphaproteobacteria bacterium UBA1485
1948449	alphaproteobacteria	cellular organisms;Bacteria;Proteobacteria;Alphaproteobacteria;unclassified Alphaproteobacteria;unclassified Alphaproteobacteria (miscellaneous);Alphaproteobacteria bacterium UBA815
1948518	Chloroflexi	cellular organisms;Bacteria;Terrabacteria group;Chloroflexi;Dehalococcoidia;unclassified Dehalococcoidia;Dehalococcoidia bacterium UBA6926
1948567	Epsilonproteobacteria	cellular organisms;Bacteria;Proteobacteria;delta/epsilon subdivisions;Epsilonproteobacteria;unclassified Epsilonproteobacteria;unclassified Epsilonproteobacteria (miscellaneous);Epsilonproteobacteria bacterium UBA1340
1948568	Epsilonproteobacteria	cellular organisms;Bacteria;Proteobacteria;delta/epsilon subdivisions;Epsilonproteobacteria;unclassified Epsilonproteobacteria;unclassified Epsilonproteobacteria (miscellaneous);Epsilonproteobacteria bacterium UBA1344
1948569	Epsilonproteobacteria	cellular organisms;Bacteria;Proteobacteria;delta/epsilon subdivisions;Epsilonproteobacteria;unclassified Epsilonproteobacteria;unclassified Epsilonproteobacteria (miscellaneous);Epsilonproteobacteria bacterium UBA1345
1948570	Epsilonproteobacteria	cellular organisms;Bacteria;Proteobacteria;delta/epsilon subdivisions;Epsilonproteobacteria;unclassified Epsilonproteobacteria;unclassified Epsilonproteobacteria (miscellaneous);Epsilonproteobacteria bacterium UBA1350
1948571	Epsilonproteobacteria	cellular organisms;Bacteria;Proteobacteria;delta/epsilon subdivisions;Epsilonproteobacteria;unclassified Epsilonproteobacteria;unclassified Epsilonproteobacteria (miscellaneous);Epsilonproteobacteria bacterium UBA2440
1948572	Epsilonproteobacteria	cellular organisms;Bacteria;Proteobacteria;delta/epsilon subdivisions;Epsilonproteobacteria;unclassified Epsilonproteobacteria;unclassified Epsilonproteobacteria (miscellaneous);Epsilonproteobacteria bacterium UBA4036
1948591	Gammaproteobacteria	cellular organisms;Bacteria;Proteobacteria;Gammaproteobacteria;unclassified Gammaproteobacteria;unclassified Gammaproteobacteria (miscellaneous);Gammaproteobacteria bacterium UBA2168
1948682	bacteroidetes	cellular organisms;Bacteria;FCB group;Bacteroidetes/Chlorobi group;Ignavibacteriae;Ignavibacteria;unclassified Ignavibacteria;Ignavibacteria bacterium UBA6667
1948805	CPR	cellular organisms;Bacteria;unclassified Bacteria;Bacteria candidate phyla;Patescibacteria group;unclassified Patescibacteria group;Patescibacteria group bacterium UBA2773
1948809	CPR	cellular organisms;Bacteria;unclassified Bacteria;Bacteria candidate phyla;Patescibacteria group;unclassified Patescibacteria group;Patescibacteria group bacterium UBA3466
1950197	Chloroflexi	cellular organisms;Bacteria;Terrabacteria group;Chloroflexi;Anaerolineae;Anaerolineales;unclassified Anaerolineales;Anaerolineales bacterium UBA2374
1950199	Chloroflexi	cellular organisms;Bacteria;Terrabacteria group;Chloroflexi;Anaerolineae;Anaerolineales;unclassified Anaerolineales;Anaerolineales bacterium UBA2395
1950200	Chloroflexi	cellular organisms;Bacteria;Terrabacteria group;Chloroflexi;Anaerolineae;Anaerolineales;unclassified Anaerolineales;Anaerolineales bacterium UBA2414
1950215	Chloroflexi	cellular organisms;Bacteria;Terrabacteria group;Chloroflexi;Anaerolineae;Anaerolineales;unclassified Anaerolineales;Anaerolineales bacterium UBA5587
1950612	bacteroidetes	cellular organisms;Bacteria;FCB group;Bacteroidetes/Chlorobi group;Bacteroidetes;Bacteroidia;Bacteroidales;unclassified Bacteroidales;unclassified Bacteroidales (miscellaneous);Bacteroidales bacterium UBA5261
1950624	bacteroidetes	cellular organisms;Bacteria;FCB group;Bacteroidetes/Chlorobi group;Bacteroidetes;Bacteroidia;Bacteroidales;unclassified Bacteroidales;unclassified Bacteroidales (miscellaneous);Bacteroidales bacterium UBA5349
1950644	bacteroidetes	cellular organisms;Bacteria;FCB group;Bacteroidetes/Chlorobi group;Bacteroidetes;Bacteroidia;Bacteroidales;unclassified Bacteroidales;unclassified Bacteroidales (miscellaneous);Bacteroidales bacterium UBA5515
1950748	bacteroidetes	cellular organisms;Bacteria;FCB group;Bacteroidetes/Chlorobi group;Bacteroidetes;Bacteroidia;Bacteroidales;unclassified Bacteroidales;unclassified Bacteroidales (miscellaneous);Bacteroidales bacterium UBA7650
1950874	Firmicutes	cellular organisms;Bacteria;Terrabacteria group;Firmicutes;Clostridia;Clostridiales;unclassified Clostridiales;unclassified Clostridiales (miscellaneous);Clostridiales bacterium UBA4080
1950892	Firmicutes	cellular organisms;Bacteria;Terrabacteria group;Firmicutes;Clostridia;Clostridiales;unclassified Clostridiales;unclassified Clostridiales (miscellaneous);Clostridiales bacterium UBA4821
1950903	Firmicutes	cellular organisms;Bacteria;Terrabacteria group;Firmicutes;Clostridia;Clostridiales;unclassified Clostridiales;unclassified Clostridiales (miscellaneous);Clostridiales bacterium UBA5736
1951045	bacteroidetes	cellular organisms;Bacteria;FCB group;Bacteroidetes/Chlorobi group;Bacteroidetes;Flavobacteriia;Flavobacteriales;unclassified Flavobacteriales;unclassified Flavobacteriales (miscellaneous);Flavobacteriales bacterium UBA6049
1951142	bacteroidetes	cellular organisms;Bacteria;FCB group;Bacteroidetes/Chlorobi group;Ignavibacteriae;Ignavibacteria;Ignavibacteriales;unclassified Ignavibacteriales;Ignavibacteriales bacterium UBA1563
1951769	bacteroidetes	cellular organisms;Bacteria;FCB group;Bacteroidetes/Chlorobi group;Bacteroidetes;Cytophagia;Cytophagales;Flammeovirgaceae;unclassified Flammeovirgaceae;Flammeovirgaceae bacterium UBA1842
1951882	bacteroidetes	cellular organisms;Bacteria;FCB group;Bacteroidetes/Chlorobi group;Bacteroidetes;Flavobacteriia;Flavobacteriales;Flavobacteriaceae;unclassified Flavobacteriaceae;Flavobacteriaceae bacterium UBA7428
1951894	Gammaproteobacteria	cellular organisms;Bacteria;Proteobacteria;Gammaproteobacteria;Thiotrichales;Francisellaceae;unclassified Francisellaceae;Francisellaceae bacterium UBA6186
1951896	Gammaproteobacteria	cellular organisms;Bacteria;Proteobacteria;Gammaproteobacteria;Thiotrichales;Francisellaceae;unclassified Francisellaceae;Francisellaceae bacterium UBA7831
1951931	acidobacteria	cellular organisms;Bacteria;Acidobacteria;Holophagae;Holophagales;Holophagaceae;unclassified Holophagaceae;Holophagaceae bacterium UBA706
1951986	Firmicutes	cellular organisms;Bacteria;Terrabacteria group;Firmicutes;Clostridia;Clostridiales;Lachnospiraceae;unclassified Lachnospiraceae;Lachnospiraceae bacterium UBA1760
1952878	bacteroidetes	cellular organisms;Bacteria;FCB group;Bacteroidetes/Chlorobi group;Bacteroidetes;Saprospiria;Saprospirales;Saprospiraceae;unclassified Saprospiraceae;Saprospiraceae bacterium UBA3362
1952994	Gammaproteobacteria	cellular organisms;Bacteria;Proteobacteria;Gammaproteobacteria;Oceanospirillales;Oceanospirillaceae;unclassified Oceanospirillaceae;Oceanospirillaceae bacterium UBA7440
1953017	Gammaproteobacteria	cellular organisms;Bacteria;Proteobacteria;Gammaproteobacteria;Thiotrichales;Thiotrichaceae;unclassified Thiotrichaceae;Thiotrichaceae bacterium UBA7359
1953018	Gammaproteobacteria	cellular organisms;Bacteria;Proteobacteria;Gammaproteobacteria;Thiotrichales;Thiotrichaceae;unclassified Thiotrichaceae;Thiotrichaceae bacterium UBA973
1953152	bacteroidetes	cellular organisms;Bacteria;FCB group;Bacteroidetes/Chlorobi group;Bacteroidetes;unclassified Bacteroidetes;unclassified Bacteroidetes (miscellaneous);Bacteroidetes bacterium UBA2664
1953258	marinimicrobia	cellular organisms;Bacteria;FCB group;Candidatus Marinimicrobia;Candidatus Marinimicrobia bacterium UBA7882
1953269	CPR	cellular organisms;Bacteria;PVC group;Candidatus Omnitrophica;unclassified Candidatus Omnitrophica;Candidatus Omnitrophica bacterium UBA6233
1953412	CPR	cellular organisms;Bacteria;unclassified Bacteria;Bacteria candidate phyla;unclassified Bacteria candidate phyla;bacterium UBP10_UBA1160
1953413	CPR	cellular organisms;Bacteria;unclassified Bacteria;Bacteria candidate phyla;unclassified Bacteria candidate phyla;bacterium UBP10_UBA7539
1961422	Deltaproteobacteria	cellular organisms;Bacteria;Proteobacteria;delta/epsilon subdivisions;Deltaproteobacteria;Syntrophobacterales;Syntrophaceae;unclassified Syntrophaceae;Syntrophaceae bacterium UBA2192
1961442	Deltaproteobacteria	cellular organisms;Bacteria;Proteobacteria;delta/epsilon subdivisions;Deltaproteobacteria;Syntrophobacterales;Syntrophaceae;unclassified Syntrophaceae;Syntrophaceae bacterium UBA5619
1961456	Deltaproteobacteria	cellular organisms;Bacteria;Proteobacteria;delta/epsilon subdivisions;Deltaproteobacteria;Syntrophobacterales;Syntrophaceae;unclassified Syntrophaceae;Syntrophaceae bacterium UBA7520
1961542	Deltaproteobacteria	cellular organisms;Bacteria;Proteobacteria;delta/epsilon subdivisions;Deltaproteobacteria;Desulfobacterales;Desulfobacteraceae;unclassified Desulfobacteraceae;Desulfobacteraceae bacterium UBA5852
1977087	proteobacteria	cellular organisms;Bacteria;Proteobacteria;unclassified Proteobacteria;unclassified Proteobacteria (miscellaneous);Proteobacteria bacterium
1978231	acidobacteria	cellular organisms;Bacteria;Acidobacteria;unclassified Acidobacteria;unclassified Acidobacteria (miscellaneous);Acidobacteria bacterium
1986630	alphaproteobacteria	cellular organisms;Bacteria;Proteobacteria;Alphaproteobacteria;unclassified Alphaproteobacteria;unclassified Alphaproteobacteria (miscellaneous);Alphaproteobacteria bacterium TMED194
1986638	Rhodospirillales	cellular organisms;Bacteria;Proteobacteria;Alphaproteobacteria;Rhodospirillales;Rhodospirillaceae;Candidatus Endolissoclinum;Candidatus Endolissoclinum sp. TMED37
1986642	alphaproteobacteria	cellular organisms;Bacteria;Proteobacteria;Alphaproteobacteria;unclassified Alphaproteobacteria;unclassified Alphaproteobacteria (miscellaneous);Alphaproteobacteria bacterium TMED62
1986648	alphaproteobacteria	cellular organisms;Bacteria;Proteobacteria;Alphaproteobacteria;unclassified Alphaproteobacteria;unclassified Alphaproteobacteria (miscellaneous);Alphaproteobacteria bacterium TMED93
1986658	bacteria	cellular organisms;Bacteria;unclassified Bacteria;unclassified Bacteria (miscellaneous);bacterium TMED264
1986659	bacteria	cellular organisms;Bacteria;unclassified Bacteria;unclassified Bacteria (miscellaneous);bacterium TMED277
1986667	Betaproteobacteria	cellular organisms;Bacteria;Proteobacteria;Betaproteobacteria;unclassified Betaproteobacteria;unclassified Betaproteobacteria (miscellaneous);Betaproteobacteria bacterium TMED156
1986680	bacteroidetes	cellular organisms;Bacteria;FCB group;Bacteroidetes/Chlorobi group;Bacteroidetes;Cytophagia;Cytophagales;Amoebophilaceae;unclassified Amoebophilaceae;Amoebophilaceae bacterium TMED152
1986714	bacteroidetes	cellular organisms;Bacteria;FCB group;Bacteroidetes/Chlorobi group;Bacteroidetes;Flavobacteriia;Flavobacteriales;Flavobacteriaceae;unclassified Flavobacteriaceae;Flavobacteriaceae bacterium TMED238
1986718	bacteroidetes	cellular organisms;Bacteria;FCB group;Bacteroidetes/Chlorobi group;Bacteroidetes;Flavobacteriia;Flavobacteriales;Flavobacteriaceae;unclassified Flavobacteriaceae;Flavobacteriaceae bacterium TMED68
1986719	bacteroidetes	cellular organisms;Bacteria;FCB group;Bacteroidetes/Chlorobi group;Bacteroidetes;Flavobacteriia;Flavobacteriales;Flavobacteriaceae;unclassified Flavobacteriaceae;Flavobacteriaceae bacterium TMED81
1986723	bacteroidetes	cellular organisms;Bacteria;FCB group;Bacteroidetes/Chlorobi group;Bacteroidetes;Flavobacteriia;Flavobacteriales;unclassified Flavobacteriales;unclassified Flavobacteriales (miscellaneous);Flavobacteriales bacterium TMED191
1986726	bacteroidetes	cellular organisms;Bacteria;FCB group;Bacteroidetes/Chlorobi group;Bacteroidetes;Flavobacteriia;Flavobacteriales;unclassified Flavobacteriales;unclassified Flavobacteriales (miscellaneous);Flavobacteriales bacterium TMED235
1986727	bacteroidetes	cellular organisms;Bacteria;FCB group;Bacteroidetes/Chlorobi group;Bacteroidetes;Flavobacteriia;Flavobacteriales;unclassified Flavobacteriales;unclassified Flavobacteriales (miscellaneous);Flavobacteriales bacterium TMED288
1986730	bacteroidetes	cellular organisms;Bacteria;FCB group;Bacteroidetes/Chlorobi group;Bacteroidetes;Flavobacteriia;Flavobacteriales;unclassified Flavobacteriales;unclassified Flavobacteriales (miscellaneous);Flavobacteriales bacterium TMED96
1986741	Gammaproteobacteria	cellular organisms;Bacteria;Proteobacteria;Gammaproteobacteria;unclassified Gammaproteobacteria;unclassified Gammaproteobacteria (miscellaneous);Gammaproteobacteria bacterium TMED182
1986754	Gammaproteobacteria	cellular organisms;Bacteria;Proteobacteria;Gammaproteobacteria;unclassified Gammaproteobacteria;unclassified Gammaproteobacteria (miscellaneous);Gammaproteobacteria bacterium TMED257
1986756	Gammaproteobacteria	cellular organisms;Bacteria;Proteobacteria;Gammaproteobacteria;unclassified Gammaproteobacteria;unclassified Gammaproteobacteria (miscellaneous);Gammaproteobacteria bacterium TMED278
1986758	Gammaproteobacteria	cellular organisms;Bacteria;Proteobacteria;Gammaproteobacteria;Methylococcales;Methylococcaceae;unclassified Methylococcaceae;Methylococcaceae bacterium TMED282
1986761	Gammaproteobacteria	cellular organisms;Bacteria;Proteobacteria;Gammaproteobacteria;unclassified Gammaproteobacteria;unclassified Gammaproteobacteria (miscellaneous);Gammaproteobacteria bacterium TMED34
1986762	Gammaproteobacteria	cellular organisms;Bacteria;Proteobacteria;Gammaproteobacteria;unclassified Gammaproteobacteria;unclassified Gammaproteobacteria (miscellaneous);Gammaproteobacteria bacterium TMED36
1986772	Gammaproteobacteria	cellular organisms;Bacteria;Proteobacteria;Gammaproteobacteria;Cellvibrionales;unclassified Cellvibrionales;Cellvibrionales bacterium TMED122
1986780	bacteria	cellular organisms;Bacteria;unclassified Bacteria;unclassified Bacteria (miscellaneous);bacterium TMED217
1986782	bacteria	cellular organisms;Bacteria;unclassified Bacteria;unclassified Bacteria (miscellaneous);bacterium TMED46
1986788	Verrucomicrobia	cellular organisms;Bacteria;PVC group;Verrucomicrobia;Opitutae;Puniceicoccales;Puniceicoccaceae;unclassified Puniceicoccaceae;Puniceicoccaceae bacterium TMED149
1986792	Verrucomicrobia	cellular organisms;Bacteria;PVC group;Verrucomicrobia;unclassified Verrucomicrobia;unclassified Verrucomicrobia (miscellaneous);Verrucomicrobia bacterium TMED56
1986845	Betaproteobacteria	cellular organisms;Bacteria;Proteobacteria;Betaproteobacteria;unclassified Betaproteobacteria;unclassified Betaproteobacteria (miscellaneous);Betaproteobacteria bacterium TMED22
1986846	proteobacteria	cellular organisms;Bacteria;Proteobacteria;unclassified Proteobacteria;unclassified Proteobacteria (miscellaneous);Proteobacteria bacterium TMED261
1986868	Rickettsiales	cellular organisms;Bacteria;Proteobacteria;Alphaproteobacteria;Rickettsiales;unclassified Rickettsiales;unclassified Rickettsiales (miscellaneous);Rickettsiales bacterium TMED174
1986871	Rickettsiales	cellular organisms;Bacteria;Proteobacteria;Alphaproteobacteria;Rickettsiales;unclassified Rickettsiales;unclassified Rickettsiales (miscellaneous);Rickettsiales bacterium TMED254
1986872	Rickettsiales	cellular organisms;Bacteria;Proteobacteria;Alphaproteobacteria;Rickettsiales;unclassified Rickettsiales;unclassified Rickettsiales (miscellaneous);Rickettsiales bacterium TMED269
1986873	Rickettsiales	cellular organisms;Bacteria;Proteobacteria;Alphaproteobacteria;Rickettsiales;unclassified Rickettsiales;unclassified Rickettsiales (miscellaneous);Rickettsiales bacterium TMED289
2021391	bacteroidetes	cellular organisms;Bacteria;FCB group;Bacteroidetes/Chlorobi group;Bacteroidetes;Flavobacteriia;Flavobacteriales;unclassified Flavobacteriales;unclassified Flavobacteriales (miscellaneous);Flavobacteriales bacterium
2024836	Rhodospirillales	cellular organisms;Bacteria;Proteobacteria;Alphaproteobacteria;Rhodospirillales;Rhodospirillaceae;Magnetovibrio;Magnetovibrio sp.
2024844	Nitrospinia	cellular organisms;Bacteria;Nitrospinae/Tectomicrobia group;Nitrospinae;Nitrospinia;Nitrospinales;Nitrospinaceae;Nitrospina;Nitrospina sp.
2024853	Gammaproteobacteria	cellular organisms;Bacteria;Proteobacteria;Gammaproteobacteria;Cellvibrionales;Porticoccaceae;Porticoccus;Porticoccus sp.
2024872	Cyanobacteria	cellular organisms;Bacteria;Terrabacteria group;Cyanobacteria/Melainabacteria group;Cyanobacteria;Synechococcales;Synechococcaceae;Cyanobium;Cyanobium sp. NAT70
2024893	Gammaproteobacteria	cellular organisms;Bacteria;Proteobacteria;Gammaproteobacteria;Acidiferrobacterales;Acidiferrobacteraceae;unclassified Acidiferrobacteraceae;Acidiferrobacteraceae bacterium
2024894	Actinobacteria	cellular organisms;Bacteria;Terrabacteria group;Actinobacteria;Acidimicrobiia;Acidimicrobiales;Acidimicrobiaceae;unclassified Acidimicrobiaceae;Acidimicrobiaceae bacterium
2026724	Chloroflexi	cellular organisms;Bacteria;Terrabacteria group;Chloroflexi;unclassified Chloroflexi;unclassified Chloroflexi (miscellaneous);Chloroflexi bacterium
2026728	bacteroidetes	cellular organisms;Bacteria;FCB group;Bacteroidetes/Chlorobi group;Bacteroidetes;Flavobacteriia;Flavobacteriales;Crocinitomicaceae;unclassified Crocinitomicaceae;Crocinitomicaceae bacterium
2026730	bacteroidetes	cellular organisms;Bacteria;FCB group;Bacteroidetes/Chlorobi group;Bacteroidetes;Cytophagia;unclassified Cytophagia;Cytophagia bacterium
2026731	Chloroflexi	cellular organisms;Bacteria;Terrabacteria group;Chloroflexi;Dehalococcoidia;Dehalococcoidales;Dehalococcoidaceae;unclassified Dehalococcoidaceae;Dehalococcoidaceae bacterium
2026733	Chloroflexi	cellular organisms;Bacteria;Terrabacteria group;Chloroflexi;Dehalococcoidia;Dehalococcoidales;unclassified Dehalococcoidales;Dehalococcoidales bacterium
2026739	Euryarchaeota	cellular organisms;Archaea;Euryarchaeota;unclassified Euryarchaeota;unclassified Euryarchaeota (miscellaneous);Euryarchaeota archaeon
2026740	bacteroidetes	cellular organisms;Bacteria;FCB group;Bacteroidetes/Chlorobi group;Bacteroidetes;Cytophagia;Cytophagales;Flammeovirgaceae;unclassified Flammeovirgaceae;Flammeovirgaceae bacterium
2026742	Gemmatimonadetes	cellular organisms;Bacteria;FCB group;Gemmatimonadetes;unclassified Gemmatimonadetes;Gemmatimonadetes bacterium
2026745	proteobacteria	cellular organisms;Bacteria;Proteobacteria;Oligoflexia;Bacteriovoracales;Halobacteriovoraceae;unclassified Halobacteriovoraceae;Halobacteriovoraceae bacterium
2026754	Gammaproteobacteria	cellular organisms;Bacteria;Proteobacteria;Gammaproteobacteria;Legionellales;unclassified Legionellales;Legionellales bacterium
2026760	marinimicrobia	cellular organisms;Bacteria;FCB group;Candidatus Marinimicrobia;Candidatus Marinimicrobia bacterium
2026761	Betaproteobacteria	cellular organisms;Bacteria;Proteobacteria;Betaproteobacteria;Nitrosomonadales;unclassified Nitrosomonadales;Nitrosomonadales bacterium
2026767	Betaproteobacteria	cellular organisms;Bacteria;Proteobacteria;Betaproteobacteria;Nitrosomonadales;Nitrosomonadaceae;unclassified Nitrosomonadaceae;Nitrosomonadaceae bacterium
2026768	Thaumarchaeota	cellular organisms;Archaea;TACK group;Thaumarchaeota;Nitrosopumilales;unclassified Nitrosopumilales;Nitrosopumilales archaeon
2026769	Nitrospinia	cellular organisms;Bacteria;Nitrospinae/Tectomicrobia group;Nitrospinae;unclassified Nitrospinae;Nitrospinae bacterium
2026770	Nitrospinia	cellular organisms;Bacteria;Nitrospirae;Nitrospira;Nitrospirales;Nitrospiraceae;unclassified Nitrospiraceae;Nitrospiraceae bacterium
2026771	Verrucomicrobia	cellular organisms;Bacteria;PVC group;Verrucomicrobia;Opitutae;unclassified Opitutae;Opitutae bacterium
2026773	archaea	cellular organisms;Archaea;DPANN group;Candidatus Pacearchaeota;Candidatus Pacearchaeota archaeon
2026774	CPR	cellular organisms;Bacteria;unclassified Bacteria;Bacteria candidate phyla;Patescibacteria group;Parcubacteria group;unclassified Parcubacteria group;Parcubacteria group bacterium
2026782	Gammaproteobacteria	cellular organisms;Bacteria;Proteobacteria;Gammaproteobacteria;Cellvibrionales;Porticoccaceae;unclassified Porticoccaceae;Porticoccaceae bacterium
2026785	Rhizobiales	cellular organisms;Bacteria;Proteobacteria;Alphaproteobacteria;Rhizobiales;Rhodobiaceae;unclassified Rhodobiaceae;Rhodobiaceae bacterium
2026786	Rhodospirillales	cellular organisms;Bacteria;Proteobacteria;Alphaproteobacteria;Rhodospirillales;unclassified Rhodospirillales;unclassified Rhodospirillales (miscellaneous);Rhodospirillales bacterium
2026788	Rickettsiales	cellular organisms;Bacteria;Proteobacteria;Alphaproteobacteria;Rickettsiales;unclassified Rickettsiales;unclassified Rickettsiales (miscellaneous);Rickettsiales bacterium
2026792	Spirochaetes	cellular organisms;Bacteria;Spirochaetes;Spirochaetia;Spirochaetales;unclassified Spirochaetales;unclassified Spirochaetales (miscellaneous);Spirochaetales bacterium
2026795	Thaumarchaeota	cellular organisms;Archaea;TACK group;Thaumarchaeota;unclassified Thaumarchaeota;unclassified Thaumarchaeota (miscellaneous);Thaumarchaeota archaeon
2026796	Gammaproteobacteria	cellular organisms;Bacteria;Proteobacteria;Gammaproteobacteria;Thiotrichales;unclassified Thiotrichales;unclassified Thiotrichales (miscellaneous);Thiotrichales bacterium
2026803	archaea	cellular organisms;Archaea;DPANN group;Candidatus Woesearchaeota;Candidatus Woesearchaeota archaeon
2182662	Pelagibacterales	cellular organisms;Bacteria;Proteobacteria;Alphaproteobacteria;Pelagibacterales;Pelagibacterales clade Ia;Pelagibacterales subclade Ia_3;Pelagibacterales subsubclade Ia_3b;Pelagibacterales bacterium sp. HIMB083
2182663	Prochlorococcus	cellular organisms;Bacteria;Terrabacteria group;Cyanobacteria/Melainabacteria group;Cyanobacteria;Synechococcales;Prochloraceae;Prochlorococcus;Prochlorococus clade HL;Prochlorococus subclade HLII;Prochlorococus sp. SB
2182664	SAR116	cellular organisms;Bacteria;Proteobacteria;Alphaproteobacteria;unclassified Alphaproteobacteria;SAR116 cluster;SAR116 clade C;SAR116 subclade C.1;SAR116 sp. MED139
2182666	Pelagibacterales	cellular organisms;Bacteria;Proteobacteria;Alphaproteobacteria;Pelagibacterales;Pelagibacterales clade IIIb;Pelagibacterales bacterium sp. AAA487-M09
2182667	Prochlorococcus	cellular organisms;Bacteria;Terrabacteria group;Cyanobacteria/Melainabacteria group;Cyanobacteria;Synechococcales;Prochloraceae;Prochlorococcus;Prochlorococus clade HL;Prochlorococus subclade HLI;Prochlorococus sp. MED4
2182668	SAR116	cellular organisms;Bacteria;Proteobacteria;Alphaproteobacteria;unclassified Alphaproteobacteria;SAR116 cluster;SAR116 clade A;SAR116 subclade A.2;SAR116 subsubclade A.2.A;SAR116 sp. UBA4588
2182670	Pelagibacterales	cellular organisms;Bacteria;Proteobacteria;Alphaproteobacteria;Pelagibacterales;Pelagibacterales clade Ia;Pelagibacterales subclade Ia_3;Pelagibacterales subsubclade Ia_3b;Pelagibacterales bacterium sp. HTCC7217
2182674	Pelagibacterales	cellular organisms;Bacteria;Proteobacteria;Alphaproteobacteria;Pelagibacterales;Pelagibacterales clade Ib;Pelagibacterales subclade Ib_1;Pelagibacterales bacterium sp. GOM-A05
2182678	Pelagibacterales	cellular organisms;Bacteria;Proteobacteria;Alphaproteobacteria;Pelagibacterales;Pelagibacterales clade Ia;Pelagibacterales subclade Ia_1;Pelagibacterales bacterium sp. HTCC1062
2182679	Prochlorococcus	cellular organisms;Bacteria;Terrabacteria group;Cyanobacteria/Melainabacteria group;Cyanobacteria;Synechococcales;Prochloraceae;Prochlorococcus;Prochlorococus clade HL;Prochlorococus subclade HLII;Prochlorococus sp. B245a_520K10
2182682	Pelagibacterales	cellular organisms;Bacteria;Proteobacteria;Alphaproteobacteria;Pelagibacterales;Pelagibacterales clade Ia;Pelagibacterales subclade Ia_3;Pelagibacterales subsubclade Ia_3b;Pelagibacterales bacterium sp. HIMB140
2182684	SAR116	cellular organisms;Bacteria;Proteobacteria;Alphaproteobacteria;unclassified Alphaproteobacteria;SAR116 cluster;SAR116 clade C;SAR116 subclade C.2;SAR116 subsubclade C.2.A;SAR116 sp. NAT72
2182686	Pelagibacterales	cellular organisms;Bacteria;Proteobacteria;Alphaproteobacteria;Pelagibacterales;Pelagibacterales clade Ib;Pelagibacterales subclade Ib_1;Pelagibacterales bacterium sp. GOM-A03
2182687	Prochlorococcus	cellular organisms;Bacteria;Terrabacteria group;Cyanobacteria/Melainabacteria group;Cyanobacteria;Synechococcales;Prochloraceae;Prochlorococcus;Prochlorococus clade HL;Prochlorococus subclade HLVI;Prochlorococus sp. AG-412-F02
2182690	Pelagibacterales	cellular organisms;Bacteria;Proteobacteria;Alphaproteobacteria;Pelagibacterales;Pelagibacterales clade Ia;Pelagibacterales subclade Ia_3;Pelagibacterales subsubclade Ia_3a;Pelagibacterales bacterium sp. AG-345-O09
2182691	Prochlorococcus	cellular organisms;Bacteria;Terrabacteria group;Cyanobacteria/Melainabacteria group;Cyanobacteria;Synechococcales;Prochloraceae;Prochlorococcus;Prochlorococus clade HL;Prochlorococus subclade HLI;Prochlorococus sp. AG-321-M21
2182694	Pelagibacterales	cellular organisms;Bacteria;Proteobacteria;Alphaproteobacteria;Pelagibacterales;Pelagibacterales clade IV;Pelagibacterales bacterium sp. AG-461-B04
2182696	Pelagibacterales	cellular organisms;Bacteria;Proteobacteria;Alphaproteobacteria;Pelagibacterales;Pelagibacterales clade IIIa;Pelagibacterales bacterium sp. TMED146
2182698	SAR116	cellular organisms;Bacteria;Proteobacteria;Alphaproteobacteria;unclassified Alphaproteobacteria;SAR116 cluster;SAR116 clade C;SAR116 subclade C.2;SAR116 subsubclade C.2.B;SAR116 sp. TMED54
2182699	Pelagibacterales	cellular organisms;Bacteria;Proteobacteria;Alphaproteobacteria;Pelagibacterales;Pelagibacterales clade IIIa;Pelagibacterales bacterium sp. XH48321
2182700	Prochlorococcus	cellular organisms;Bacteria;Terrabacteria group;Cyanobacteria/Melainabacteria group;Cyanobacteria;Synechococcales;Prochloraceae;Prochlorococcus;Prochlorococus clade HL;Prochlorococus subclade HLII;Prochlorococus sp. AG-670-M15
2182701	SAR116	cellular organisms;Bacteria;Proteobacteria;Alphaproteobacteria;unclassified Alphaproteobacteria;SAR116 cluster;SAR116 clade B;SAR116 subclade B.2;SAR116 sp. TMED52
2182702	Pelagibacterales	cellular organisms;Bacteria;Proteobacteria;Alphaproteobacteria;Pelagibacterales;Pelagibacterales clade Ia;Pelagibacterales subclade Ia_3;Pelagibacterales subsubclade Ia_3a;Pelagibacterales bacterium sp. AG-447-N18
2182703	Prochlorococcus	cellular organisms;Bacteria;Terrabacteria group;Cyanobacteria/Melainabacteria group;Cyanobacteria;Synechococcales;Prochloraceae;Prochlorococcus;Prochlorococus clade HL;Prochlorococus subclade HLII;Prochlorococus sp. AG-347-K02
2182705	Pelagibacterales	cellular organisms;Bacteria;Proteobacteria;Alphaproteobacteria;Pelagibacterales;Pelagibacterales clade IIa;Pelagibacterales subclade IIa_1;Pelagibacterales bacterium sp. AG-435-G05
2182707	Pelagibacterales	cellular organisms;Bacteria;Proteobacteria;Alphaproteobacteria;Pelagibacterales;Pelagibacterales clade IV;Pelagibacterales bacterium sp. AG-422-N09
2182709	Pelagibacterales	cellular organisms;Bacteria;Proteobacteria;Alphaproteobacteria;Pelagibacterales;Pelagibacterales clade V;Pelagibacterales subclade Va;Pelagibacterales bacterium sp. AG-404-P08
2182711	Pelagibacterales	cellular organisms;Bacteria;Proteobacteria;Alphaproteobacteria;Pelagibacterales;Pelagibacterales clade Ib;Pelagibacterales subclade Ib_1;Pelagibacterales bacterium sp. RS40
2182713	Pelagibacterales	cellular organisms;Bacteria;Proteobacteria;Alphaproteobacteria;Pelagibacterales;Pelagibacterales clade IIb;Pelagibacterales bacterium sp. TMED64
2182715	Pelagibacterales	cellular organisms;Bacteria;Proteobacteria;Alphaproteobacteria;Pelagibacterales;Pelagibacterales clade IIIa;Pelagibacterales bacterium sp. TMED136
2182717	Pelagibacterales	cellular organisms;Bacteria;Proteobacteria;Alphaproteobacteria;Pelagibacterales;Pelagibacterales clade Ia;Pelagibacterales subclade HIMB5;Pelagibacterales bacterium sp. HIMB5
2182719	Pelagibacterales	cellular organisms;Bacteria;Proteobacteria;Alphaproteobacteria;Pelagibacterales;Pelagibacterales clade Ia;Pelagibacterales subclade Ia_3;Pelagibacterales subsubclade Ia_3a;Pelagibacterales bacterium sp. HIMB4
2182721	Pelagibacterales	cellular organisms;Bacteria;Proteobacteria;Alphaproteobacteria;Pelagibacterales;Pelagibacterales clade Ib;Pelagibacterales subclade Ib_1;Pelagibacterales bacterium sp. AG-470-G21
2182722	Pelagibacterales	cellular organisms;Bacteria;Proteobacteria;Alphaproteobacteria;Pelagibacterales;Pelagibacterales clade IIa;Pelagibacterales subclade IIa_2;Pelagibacterales bacterium sp. AG-430-L02
2182723	Pelagibacterales	cellular organisms;Bacteria;Proteobacteria;Alphaproteobacteria;Pelagibacterales;Pelagibacterales clade Ia;Pelagibacterales subclade Ia_3;Pelagibacterales subsubclade Ia_3b;Pelagibacterales bacterium sp. AG-430-E20
2182724	Pelagibacterales	cellular organisms;Bacteria;Proteobacteria;Alphaproteobacteria;Pelagibacterales;Pelagibacterales clade Ib;Pelagibacterales subclade Ib_3;Pelagibacterales bacterium sp. AG-426-A02
2182725	Pelagibacterales	cellular organisms;Bacteria;Proteobacteria;Alphaproteobacteria;Pelagibacterales;Pelagibacterales clade Ib;Pelagibacterales subclade Ib_1;Pelagibacterales bacterium sp. AG-447-N21
2182726	Pelagibacterales	cellular organisms;Bacteria;Proteobacteria;Alphaproteobacteria;Pelagibacterales;Pelagibacterales clade Ia;Pelagibacterales subclade Ia_3;Pelagibacterales subsubclade Ia_3b;Pelagibacterales bacterium sp. AG-390-L03
2182727	Pelagibacterales	cellular organisms;Bacteria;Proteobacteria;Alphaproteobacteria;Pelagibacterales;Pelagibacterales clade V;Pelagibacterales subclade Vb;Pelagibacterales bacterium sp. AG-365-P18
2182728	Pelagibacterales	cellular organisms;Bacteria;Proteobacteria;Alphaproteobacteria;Pelagibacterales;Pelagibacterales clade Ib;Pelagibacterales subclade Ib_3;Pelagibacterales bacterium sp. AG-430-F16
2182732	Prochlorococcus	cellular organisms;Bacteria;Terrabacteria group;Cyanobacteria/Melainabacteria group;Cyanobacteria;Synechococcales;Prochloraceae;Prochlorococcus;Prochlorococus clade HL;Prochlorococus subclade HLI;Prochlorococus sp. AG-347-J22
2182750	Prochlorococcus	cellular organisms;Bacteria;Terrabacteria group;Cyanobacteria/Melainabacteria group;Cyanobacteria;Synechococcales;Prochloraceae;Prochlorococcus;Prochlorococus clade HL;Prochlorococus subclade HLI;Prochlorococus sp. AG-673-L20
2182752	Prochlorococcus	cellular organisms;Bacteria;Terrabacteria group;Cyanobacteria/Melainabacteria group;Cyanobacteria;Synechococcales;Prochloraceae;Prochlorococcus;Prochlorococus clade HL;Prochlorococus subclade HLI;Prochlorococus sp. AG-673-P17
2182769	Prochlorococcus	cellular organisms;Bacteria;Terrabacteria group;Cyanobacteria/Melainabacteria group;Cyanobacteria;Synechococcales;Prochloraceae;Prochlorococcus;Prochlorococus clade HL;Prochlorococus subclade HLII;Prochlorococus sp. AAA795-J16
2182777	Prochlorococcus	cellular organisms;Bacteria;Terrabacteria group;Cyanobacteria/Melainabacteria group;Cyanobacteria;Synechococcales;Prochloraceae;Prochlorococcus;Prochlorococus clade HL;Prochlorococus subclade HLII;Prochlorococus sp. AG-347-J20
2182778	Prochlorococcus	cellular organisms;Bacteria;Terrabacteria group;Cyanobacteria/Melainabacteria group;Cyanobacteria;Synechococcales;Prochloraceae;Prochlorococcus;Prochlorococus clade HL;Prochlorococus subclade HLII;Prochlorococus sp. AG-347-J21
2182780	Prochlorococcus	cellular organisms;Bacteria;Terrabacteria group;Cyanobacteria/Melainabacteria group;Cyanobacteria;Synechococcales;Prochloraceae;Prochlorococcus;Prochlorococus clade HL;Prochlorococus subclade HLII;Prochlorococus sp. AG-347-K17
2182787	Prochlorococcus	cellular organisms;Bacteria;Terrabacteria group;Cyanobacteria/Melainabacteria group;Cyanobacteria;Synechococcales;Prochloraceae;Prochlorococcus;Prochlorococus clade HL;Prochlorococus subclade HLII;Prochlorococus sp. AG-347-N23
2182798	Prochlorococcus	cellular organisms;Bacteria;Terrabacteria group;Cyanobacteria/Melainabacteria group;Cyanobacteria;Synechococcales;Prochloraceae;Prochlorococcus;Prochlorococus clade HL;Prochlorococus subclade HLII;Prochlorococus sp. AG-402-N08
2182803	Prochlorococcus	cellular organisms;Bacteria;Terrabacteria group;Cyanobacteria/Melainabacteria group;Cyanobacteria;Synechococcales;Prochloraceae;Prochlorococcus;Prochlorococus clade HL;Prochlorococus subclade HLII;Prochlorococus sp. AG-412-A14
2182805	Prochlorococcus	cellular organisms;Bacteria;Terrabacteria group;Cyanobacteria/Melainabacteria group;Cyanobacteria;Synechococcales;Prochloraceae;Prochlorococcus;Prochlorococus clade HL;Prochlorococus subclade HLII;Prochlorococus sp. AG-412-J13
2182807	Prochlorococcus	cellular organisms;Bacteria;Terrabacteria group;Cyanobacteria/Melainabacteria group;Cyanobacteria;Synechococcales;Prochloraceae;Prochlorococcus;Prochlorococus clade HL;Prochlorococus subclade HLII;Prochlorococus sp. AG-418-D13
2182814	Prochlorococcus	cellular organisms;Bacteria;Terrabacteria group;Cyanobacteria/Melainabacteria group;Cyanobacteria;Synechococcales;Prochloraceae;Prochlorococcus;Prochlorococus clade HL;Prochlorococus subclade HLII;Prochlorococus sp. AG-418-J17
2182820	Prochlorococcus	cellular organisms;Bacteria;Terrabacteria group;Cyanobacteria/Melainabacteria group;Cyanobacteria;Synechococcales;Prochloraceae;Prochlorococcus;Prochlorococus clade HL;Prochlorococus subclade HLII;Prochlorococus sp. AG-424-P18
2182824	Prochlorococcus	cellular organisms;Bacteria;Terrabacteria group;Cyanobacteria/Melainabacteria group;Cyanobacteria;Synechococcales;Prochloraceae;Prochlorococcus;Prochlorococus clade HL;Prochlorococus subclade HLII;Prochlorococus sp. AG-436-D21
2182829	Prochlorococcus	cellular organisms;Bacteria;Terrabacteria group;Cyanobacteria/Melainabacteria group;Cyanobacteria;Synechococcales;Prochloraceae;Prochlorococcus;Prochlorococus clade HL;Prochlorococus subclade HLII;Prochlorococus sp. AG-449-G23
2182835	Prochlorococcus	cellular organisms;Bacteria;Terrabacteria group;Cyanobacteria/Melainabacteria group;Cyanobacteria;Synechococcales;Prochloraceae;Prochlorococcus;Prochlorococus clade HL;Prochlorococus subclade HLII;Prochlorococus sp. AG-459-D04
2182838	Prochlorococcus	cellular organisms;Bacteria;Terrabacteria group;Cyanobacteria/Melainabacteria group;Cyanobacteria;Synechococcales;Prochloraceae;Prochlorococcus;Prochlorococus clade HL;Prochlorococus subclade HLII;Prochlorococus sp. AG-459-N19
2182839	Prochlorococcus	cellular organisms;Bacteria;Terrabacteria group;Cyanobacteria/Melainabacteria group;Cyanobacteria;Synechococcales;Prochloraceae;Prochlorococcus;Prochlorococus clade HL;Prochlorococus subclade HLII;Prochlorococus sp. AG-459-O09
2182843	Prochlorococcus	cellular organisms;Bacteria;Terrabacteria group;Cyanobacteria/Melainabacteria group;Cyanobacteria;Synechococcales;Prochloraceae;Prochlorococcus;Prochlorococus clade HL;Prochlorococus subclade HLII;Prochlorococus sp. AS9601
2182844	Prochlorococcus	cellular organisms;Bacteria;Terrabacteria group;Cyanobacteria/Melainabacteria group;Cyanobacteria;Synechococcales;Prochloraceae;Prochlorococcus;Prochlorococus clade HL;Prochlorococus subclade HLII;Prochlorococus sp. B241_528O2
2182847	Prochlorococcus	cellular organisms;Bacteria;Terrabacteria group;Cyanobacteria/Melainabacteria group;Cyanobacteria;Synechococcales;Prochloraceae;Prochlorococcus;Prochlorococus clade HL;Prochlorococus subclade HLII;Prochlorococus sp. B245a_519A13
2182849	Prochlorococcus	cellular organisms;Bacteria;Terrabacteria group;Cyanobacteria/Melainabacteria group;Cyanobacteria;Synechococcales;Prochloraceae;Prochlorococcus;Prochlorococus clade HL;Prochlorococus subclade HLII;Prochlorococus sp. HOT208_60m_805A16
2182860	Prochlorococcus	cellular organisms;Bacteria;Terrabacteria group;Cyanobacteria/Melainabacteria group;Cyanobacteria;Synechococcales;Prochloraceae;Prochlorococcus;Prochlorococus clade HL;Prochlorococus subclade HLII;Prochlorococus sp. MIT1314
2182861	Prochlorococcus	cellular organisms;Bacteria;Terrabacteria group;Cyanobacteria/Melainabacteria group;Cyanobacteria;Synechococcales;Prochloraceae;Prochlorococcus;Prochlorococus clade HL;Prochlorococus subclade HLII;Prochlorococus sp. MIT9116
2182862	Prochlorococcus	cellular organisms;Bacteria;Terrabacteria group;Cyanobacteria/Melainabacteria group;Cyanobacteria;Synechococcales;Prochloraceae;Prochlorococcus;Prochlorococus clade HL;Prochlorococus subclade HLII;Prochlorococus sp. MIT9123
2182863	Prochlorococcus	cellular organisms;Bacteria;Terrabacteria group;Cyanobacteria/Melainabacteria group;Cyanobacteria;Synechococcales;Prochloraceae;Prochlorococcus;Prochlorococus clade HL;Prochlorococus subclade HLII;Prochlorococus sp. MIT9107
2182865	Prochlorococcus	cellular organisms;Bacteria;Terrabacteria group;Cyanobacteria/Melainabacteria group;Cyanobacteria;Synechococcales;Prochloraceae;Prochlorococcus;Prochlorococus clade HL;Prochlorococus subclade HLII;Prochlorococus sp. MIT9202
2182866	Prochlorococcus	cellular organisms;Bacteria;Terrabacteria group;Cyanobacteria/Melainabacteria group;Cyanobacteria;Synechococcales;Prochloraceae;Prochlorococcus;Prochlorococus clade HL;Prochlorococus subclade HLII;Prochlorococus sp. MIT9215
2182870	Prochlorococcus	cellular organisms;Bacteria;Terrabacteria group;Cyanobacteria/Melainabacteria group;Cyanobacteria;Synechococcales;Prochloraceae;Prochlorococcus;Prochlorococus clade HL;Prochlorococus subclade HLII;Prochlorococus sp. MIT9314
2182871	Prochlorococcus	cellular organisms;Bacteria;Terrabacteria group;Cyanobacteria/Melainabacteria group;Cyanobacteria;Synechococcales;Prochloraceae;Prochlorococcus;Prochlorococus clade HL;Prochlorococus subclade HLII;Prochlorococus sp. MIT9322
2182872	Prochlorococcus	cellular organisms;Bacteria;Terrabacteria group;Cyanobacteria/Melainabacteria group;Cyanobacteria;Synechococcales;Prochloraceae;Prochlorococcus;Prochlorococus clade HL;Prochlorococus subclade HLII;Prochlorococus sp. MIT9321
2182873	Prochlorococcus	cellular organisms;Bacteria;Terrabacteria group;Cyanobacteria/Melainabacteria group;Cyanobacteria;Synechococcales;Prochloraceae;Prochlorococcus;Prochlorococus clade HL;Prochlorococus subclade HLII;Prochlorococus sp. MIT9401
2182885	Prochlorococcus	cellular organisms;Bacteria;Terrabacteria group;Cyanobacteria/Melainabacteria group;Cyanobacteria;Synechococcales;Prochloraceae;Prochlorococcus;Prochlorococus clade HL;Prochlorococus subclade HLVI;Prochlorococus sp. AG-402-K10
2182980	Prochlorococcus	cellular organisms;Bacteria;Terrabacteria group;Cyanobacteria/Melainabacteria group;Cyanobacteria;Synechococcales;Prochloraceae;Prochlorococcus;Prochlorococus clade LL;Prochlorococus subclade LLVII;Prochlorococus subsubclade LLVIIa;Prochlorococus sp. AG-363-A16
2182987	Prochlorococcus	cellular organisms;Bacteria;Terrabacteria group;Cyanobacteria/Melainabacteria group;Cyanobacteria;Synechococcales;Prochloraceae;Prochlorococcus;Prochlorococus clade LL;Prochlorococus subclade LLVII;Prochlorococus subsubclade LLVIIa;Prochlorococus sp. AG-409-P03
2183015	Prochlorococcus	cellular organisms;Bacteria;Terrabacteria group;Cyanobacteria/Melainabacteria group;Cyanobacteria;Synechococcales;Prochloraceae;Prochlorococcus;Prochlorococus clade LL;Prochlorococus subclade LLVII;Prochlorococus subsubclade LLVIId;Prochlorococus sp. AG-409-J19
2183016	Prochlorococcus	cellular organisms;Bacteria;Terrabacteria group;Cyanobacteria/Melainabacteria group;Cyanobacteria;Synechococcales;Prochloraceae;Prochlorococcus;Prochlorococus clade LL;Prochlorococus subclade LLVII;Prochlorococus subsubclade LLVIId;Prochlorococus sp. AG-409-N21
2183025	Prochlorococcus	cellular organisms;Bacteria;Terrabacteria group;Cyanobacteria/Melainabacteria group;Cyanobacteria;Synechococcales;Prochloraceae;Prochlorococcus;Prochlorococus clade LL;Prochlorococus subclade MIT1223;Prochlorococus sp. MIT1223
2183028	Cyanobacteria	cellular organisms;Bacteria;Terrabacteria group;Cyanobacteria/Melainabacteria group;Cyanobacteria;Synechococcales;Synechococcaceae;Synechococcus;Synechococcus clade 5.1;Synechococcus subclade 5.1A;Synechococcus subsubclade II;Synechococcus sp. AG-670-B23
2183088	Cyanobacteria	cellular organisms;Bacteria;Terrabacteria group;Cyanobacteria/Melainabacteria group;Cyanobacteria;Synechococcales;Synechococcaceae;Synechococcus;Synechococcus clade 5.1;Synechococcus subclade 5.1B;Synechococcus subsubclade V.VI.VII;Synechococcus sp. AG-676-A21
2183113	Pelagibacterales	cellular organisms;Bacteria;Proteobacteria;Alphaproteobacteria;Pelagibacterales;Pelagibacterales clade Ia;Pelagibacterales subclade Ia_3;Pelagibacterales subsubclade Ia_3a;Pelagibacterales bacterium sp. AAA795-C09
2183114	Pelagibacterales	cellular organisms;Bacteria;Proteobacteria;Alphaproteobacteria;Pelagibacterales;Pelagibacterales clade Ia;Pelagibacterales subclade Ia_3;Pelagibacterales subsubclade Ia_3a;Pelagibacterales bacterium sp. AAA795-D22
2183115	Pelagibacterales	cellular organisms;Bacteria;Proteobacteria;Alphaproteobacteria;Pelagibacterales;Pelagibacterales clade Ia;Pelagibacterales subclade Ia_3;Pelagibacterales subsubclade Ia_3a;Pelagibacterales bacterium sp. AAA795-L23
2183116	Pelagibacterales	cellular organisms;Bacteria;Proteobacteria;Alphaproteobacteria;Pelagibacterales;Pelagibacterales clade Ia;Pelagibacterales subclade Ia_3;Pelagibacterales subsubclade Ia_3a;Pelagibacterales bacterium sp. AAA795-N08
2183117	Pelagibacterales	cellular organisms;Bacteria;Proteobacteria;Alphaproteobacteria;Pelagibacterales;Pelagibacterales clade Ia;Pelagibacterales subclade Ia_3;Pelagibacterales subsubclade Ia_3a;Pelagibacterales bacterium sp. AAA795-O20
2183118	Pelagibacterales	cellular organisms;Bacteria;Proteobacteria;Alphaproteobacteria;Pelagibacterales;Pelagibacterales clade Ia;Pelagibacterales subclade Ia_3;Pelagibacterales subsubclade Ia_3a;Pelagibacterales bacterium sp. AG-339-N18
2183119	Pelagibacterales	cellular organisms;Bacteria;Proteobacteria;Alphaproteobacteria;Pelagibacterales;Pelagibacterales clade Ia;Pelagibacterales subclade Ia_3;Pelagibacterales subsubclade Ia_3a;Pelagibacterales bacterium sp. AG-390-O04
2183120	Pelagibacterales	cellular organisms;Bacteria;Proteobacteria;Alphaproteobacteria;Pelagibacterales;Pelagibacterales clade Ia;Pelagibacterales subclade Ia_3;Pelagibacterales subsubclade Ia_3a;Pelagibacterales bacterium sp. AG-404-P07
2183121	Pelagibacterales	cellular organisms;Bacteria;Proteobacteria;Alphaproteobacteria;Pelagibacterales;Pelagibacterales clade Ia;Pelagibacterales subclade Ia_3;Pelagibacterales subsubclade Ia_3a;Pelagibacterales bacterium sp. AG-410-N23
2183122	Pelagibacterales	cellular organisms;Bacteria;Proteobacteria;Alphaproteobacteria;Pelagibacterales;Pelagibacterales clade Ia;Pelagibacterales subclade Ia_3;Pelagibacterales subsubclade Ia_3a;Pelagibacterales bacterium sp. AG-422-C23
2183123	Pelagibacterales	cellular organisms;Bacteria;Proteobacteria;Alphaproteobacteria;Pelagibacterales;Pelagibacterales clade Ia;Pelagibacterales subclade Ia_3;Pelagibacterales subsubclade Ia_3a;Pelagibacterales bacterium sp. AG-426-P20
2183124	Pelagibacterales	cellular organisms;Bacteria;Proteobacteria;Alphaproteobacteria;Pelagibacterales;Pelagibacterales clade Ia;Pelagibacterales subclade Ia_3;Pelagibacterales subsubclade Ia_3a;Pelagibacterales bacterium sp. AG-430-P08
2183125	Pelagibacterales	cellular organisms;Bacteria;Proteobacteria;Alphaproteobacteria;Pelagibacterales;Pelagibacterales clade Ia;Pelagibacterales subclade Ia_3;Pelagibacterales subsubclade Ia_3a;Pelagibacterales bacterium sp. AG-447-E22
2183126	Pelagibacterales	cellular organisms;Bacteria;Proteobacteria;Alphaproteobacteria;Pelagibacterales;Pelagibacterales clade Ia;Pelagibacterales subclade Ia_3;Pelagibacterales subsubclade Ia_3a;Pelagibacterales bacterium sp. RS39
2183127	Pelagibacterales	cellular organisms;Bacteria;Proteobacteria;Alphaproteobacteria;Pelagibacterales;Pelagibacterales clade Ia;Pelagibacterales subclade Ia_3;Pelagibacterales subsubclade Ia_3a;Pelagibacterales bacterium sp. TMED201
2183128	Pelagibacterales	cellular organisms;Bacteria;Proteobacteria;Alphaproteobacteria;Pelagibacterales;Pelagibacterales clade Ia;Pelagibacterales subclade Ia_3;Pelagibacterales subsubclade Ia_3b;Pelagibacterales bacterium sp. AG-319-F18
2183129	Pelagibacterales	cellular organisms;Bacteria;Proteobacteria;Alphaproteobacteria;Pelagibacterales;Pelagibacterales clade Ia;Pelagibacterales subclade Ia_3;Pelagibacterales subsubclade Ia_3b;Pelagibacterales bacterium sp. HTCC8051
2183130	Pelagibacterales	cellular organisms;Bacteria;Proteobacteria;Alphaproteobacteria;Pelagibacterales;Pelagibacterales clade Ia;Pelagibacterales subclade Ia_3;Pelagibacterales subsubclade Ia_3b;Pelagibacterales bacterium sp. HTCC9022
2183131	Pelagibacterales	cellular organisms;Bacteria;Proteobacteria;Alphaproteobacteria;Pelagibacterales;Pelagibacterales clade Ia;Pelagibacterales subclade BALTIC;Pelagibacterales bacterium sp. BACL5-MAG-120705-bin12
2183132	Pelagibacterales	cellular organisms;Bacteria;Proteobacteria;Alphaproteobacteria;Pelagibacterales;Pelagibacterales clade Ia;Pelagibacterales subclade BALTIC;Pelagibacterales bacterium sp. BACL5-MAG-120813-bin20
2183133	Pelagibacterales	cellular organisms;Bacteria;Proteobacteria;Alphaproteobacteria;Pelagibacterales;Pelagibacterales clade Ia;Pelagibacterales subclade BALTIC;Pelagibacterales bacterium sp. BACL5-MAG-120820-bin39
2183134	Pelagibacterales	cellular organisms;Bacteria;Proteobacteria;Alphaproteobacteria;Pelagibacterales;Pelagibacterales clade Ia;Pelagibacterales subclade BALTIC;Pelagibacterales bacterium sp. BACL5-MAG-121015-bin10
2183135	Pelagibacterales	cellular organisms;Bacteria;Proteobacteria;Alphaproteobacteria;Pelagibacterales;Pelagibacterales clade Ia;Pelagibacterales subclade BALTIC;Pelagibacterales bacterium sp. BACL5-MAG-121128-bin54
2183136	Pelagibacterales	cellular organisms;Bacteria;Proteobacteria;Alphaproteobacteria;Pelagibacterales;Pelagibacterales clade Ia;Pelagibacterales subclade Ia_1;Pelagibacterales bacterium sp. BACL5-MAG-120920-bin64
2183137	Pelagibacterales	cellular organisms;Bacteria;Proteobacteria;Alphaproteobacteria;Pelagibacterales;Pelagibacterales clade Ia;Pelagibacterales subclade Ia_1;Pelagibacterales bacterium sp. HTCC9565
2183138	Pelagibacterales	cellular organisms;Bacteria;Proteobacteria;Alphaproteobacteria;Pelagibacterales;Pelagibacterales clade Ib;Pelagibacterales bacterium sp. XQ75387
2183139	Pelagibacterales	cellular organisms;Bacteria;Proteobacteria;Alphaproteobacteria;Pelagibacterales;Pelagibacterales clade Ib;Pelagibacterales bacterium sp. AG-410-D23
2183140	Pelagibacterales	cellular organisms;Bacteria;Proteobacteria;Alphaproteobacteria;Pelagibacterales;Pelagibacterales clade Ib;Pelagibacterales bacterium sp. AAA795-E22
2183141	Pelagibacterales	cellular organisms;Bacteria;Proteobacteria;Alphaproteobacteria;Pelagibacterales;Pelagibacterales clade Ib;Pelagibacterales subclade Ib_1;Pelagibacterales bacterium sp. AG-337-G04
2183142	Pelagibacterales	cellular organisms;Bacteria;Proteobacteria;Alphaproteobacteria;Pelagibacterales;Pelagibacterales clade Ib;Pelagibacterales subclade Ib_1;Pelagibacterales bacterium sp. AG-439-F23
2183143	Pelagibacterales	cellular organisms;Bacteria;Proteobacteria;Alphaproteobacteria;Pelagibacterales;Pelagibacterales clade Ib;Pelagibacterales subclade Ib_1;Pelagibacterales bacterium sp. SAT212
2183144	Pelagibacterales	cellular organisms;Bacteria;Proteobacteria;Alphaproteobacteria;Pelagibacterales;Pelagibacterales clade Ib;Pelagibacterales subclade Ib_1;Pelagibacterales bacterium sp. SP4300
2183145	Pelagibacterales	cellular organisms;Bacteria;Proteobacteria;Alphaproteobacteria;Pelagibacterales;Pelagibacterales clade Ib;Pelagibacterales subclade Ib_2;Pelagibacterales bacterium sp. AG-365-D07
2183146	Pelagibacterales	cellular organisms;Bacteria;Proteobacteria;Alphaproteobacteria;Pelagibacterales;Pelagibacterales clade Ib;Pelagibacterales subclade Ib_2;Pelagibacterales bacterium sp. AG-414-M23
2183147	Pelagibacterales	cellular organisms;Bacteria;Proteobacteria;Alphaproteobacteria;Pelagibacterales;Pelagibacterales clade Ib;Pelagibacterales subclade Ib_2;Pelagibacterales bacterium sp. AG-426-G09
2183148	Pelagibacterales	cellular organisms;Bacteria;Proteobacteria;Alphaproteobacteria;Pelagibacterales;Pelagibacterales clade Ib;Pelagibacterales subclade Ib_2;Pelagibacterales bacterium sp. NAT83
2183149	Pelagibacterales	cellular organisms;Bacteria;Proteobacteria;Alphaproteobacteria;Pelagibacterales;Pelagibacterales clade Ib;Pelagibacterales subclade Ib_3;Pelagibacterales bacterium sp. AAA795-M22
2183150	Pelagibacterales	cellular organisms;Bacteria;Proteobacteria;Alphaproteobacteria;Pelagibacterales;Pelagibacterales clade Ib;Pelagibacterales subclade Ib_3;Pelagibacterales bacterium sp. AG-426-E17
2183151	Pelagibacterales	cellular organisms;Bacteria;Proteobacteria;Alphaproteobacteria;Pelagibacterales;Pelagibacterales clade Ib;Pelagibacterales subclade Ib_3;Pelagibacterales bacterium sp. MED104
2183152	Pelagibacterales	cellular organisms;Bacteria;Proteobacteria;Alphaproteobacteria;Pelagibacterales;Pelagibacterales clade Ib;Pelagibacterales bacterium sp. AG-345-F03
2183153	Pelagibacterales	cellular organisms;Bacteria;Proteobacteria;Alphaproteobacteria;Pelagibacterales;Pelagibacterales clade Ib;Pelagibacterales bacterium sp. NP144
2183154	Pelagibacterales	cellular organisms;Bacteria;Proteobacteria;Alphaproteobacteria;Pelagibacterales;Pelagibacterales clade Ic;Pelagibacterales bacterium sp. AAA240-E13
2183155	Pelagibacterales	cellular organisms;Bacteria;Proteobacteria;Alphaproteobacteria;Pelagibacterales;Pelagibacterales clade Ic;Pelagibacterales bacterium sp. AAA288-E13
2183156	Pelagibacterales	cellular organisms;Bacteria;Proteobacteria;Alphaproteobacteria;Pelagibacterales;Pelagibacterales clade Ic;Pelagibacterales bacterium sp. AAA288-G21
2183157	Pelagibacterales	cellular organisms;Bacteria;Proteobacteria;Alphaproteobacteria;Pelagibacterales;Pelagibacterales clade Ic;Pelagibacterales bacterium sp. AAA288-N07
2183158	Pelagibacterales	cellular organisms;Bacteria;Proteobacteria;Alphaproteobacteria;Pelagibacterales;Pelagibacterales clade Ic;Pelagibacterales bacterium sp. AG-464-B04
2183159	Pelagibacterales	cellular organisms;Bacteria;Proteobacteria;Alphaproteobacteria;Pelagibacterales;Pelagibacterales clade Ic;Pelagibacterales bacterium sp. AG-464-P07
2183160	Pelagibacterales	cellular organisms;Bacteria;Proteobacteria;Alphaproteobacteria;Pelagibacterales;Pelagibacterales clade Ic;Pelagibacterales bacterium sp. F4_spades
2183161	Pelagibacterales	cellular organisms;Bacteria;Proteobacteria;Alphaproteobacteria;Pelagibacterales;Pelagibacterales clade IIb;Pelagibacterales bacterium sp. AG-414-E02
2183162	Pelagibacterales	cellular organisms;Bacteria;Proteobacteria;Alphaproteobacteria;Pelagibacterales;Pelagibacterales clade IIb;Pelagibacterales bacterium sp. AG-414-J22
2183163	Pelagibacterales	cellular organisms;Bacteria;Proteobacteria;Alphaproteobacteria;Pelagibacterales;Pelagibacterales clade IIb;Pelagibacterales bacterium sp. AG-435-N18
2183164	Pelagibacterales	cellular organisms;Bacteria;Proteobacteria;Alphaproteobacteria;Pelagibacterales;Pelagibacterales clade IIb;Pelagibacterales bacterium sp. UBA2154
2183165	Pelagibacterales	cellular organisms;Bacteria;Proteobacteria;Alphaproteobacteria;Pelagibacterales;Pelagibacterales clade IIa;Pelagibacterales subclade IIa_1;Pelagibacterales bacterium sp. AAA795-E07
2183166	Pelagibacterales	cellular organisms;Bacteria;Proteobacteria;Alphaproteobacteria;Pelagibacterales;Pelagibacterales clade IIa;Pelagibacterales subclade IIa_1;Pelagibacterales bacterium sp. AAA795-N17
2183167	Pelagibacterales	cellular organisms;Bacteria;Proteobacteria;Alphaproteobacteria;Pelagibacterales;Pelagibacterales clade IIa;Pelagibacterales subclade IIa_1;Pelagibacterales bacterium sp. AG-313-A04
2183168	Pelagibacterales	cellular organisms;Bacteria;Proteobacteria;Alphaproteobacteria;Pelagibacterales;Pelagibacterales clade IIa;Pelagibacterales subclade IIa_1;Pelagibacterales bacterium sp. AG-325-C03
2183169	Pelagibacterales	cellular organisms;Bacteria;Proteobacteria;Alphaproteobacteria;Pelagibacterales;Pelagibacterales clade IIa;Pelagibacterales subclade IIa_1;Pelagibacterales bacterium sp. AG-325-E13
2183170	Pelagibacterales	cellular organisms;Bacteria;Proteobacteria;Alphaproteobacteria;Pelagibacterales;Pelagibacterales clade IIa;Pelagibacterales subclade IIa_1;Pelagibacterales bacterium sp. AG-325-J13
2183171	Pelagibacterales	cellular organisms;Bacteria;Proteobacteria;Alphaproteobacteria;Pelagibacterales;Pelagibacterales clade IIa;Pelagibacterales subclade IIa_1;Pelagibacterales bacterium sp. AG-345-F21
2183172	Pelagibacterales	cellular organisms;Bacteria;Proteobacteria;Alphaproteobacteria;Pelagibacterales;Pelagibacterales clade IIa;Pelagibacterales subclade IIa_1;Pelagibacterales bacterium sp. AG-390-C22
2183173	Pelagibacterales	cellular organisms;Bacteria;Proteobacteria;Alphaproteobacteria;Pelagibacterales;Pelagibacterales clade IIa;Pelagibacterales subclade IIa_1;Pelagibacterales bacterium sp. AG-422-I02
2183174	Pelagibacterales	cellular organisms;Bacteria;Proteobacteria;Alphaproteobacteria;Pelagibacterales;Pelagibacterales clade IIa;Pelagibacterales subclade IIa_1;Pelagibacterales bacterium sp. HIMB058
2183175	Pelagibacterales	cellular organisms;Bacteria;Proteobacteria;Alphaproteobacteria;Pelagibacterales;Pelagibacterales clade IIa;Pelagibacterales subclade IIa_1;Pelagibacterales bacterium sp. MED1153
2183176	Pelagibacterales	cellular organisms;Bacteria;Proteobacteria;Alphaproteobacteria;Pelagibacterales;Pelagibacterales clade IIa;Pelagibacterales subclade IIa_1;Pelagibacterales bacterium sp. MED727
2183177	Pelagibacterales	cellular organisms;Bacteria;Proteobacteria;Alphaproteobacteria;Pelagibacterales;Pelagibacterales clade IIa;Pelagibacterales subclade IIa_1;Pelagibacterales bacterium sp. MED827
2183178	Pelagibacterales	cellular organisms;Bacteria;Proteobacteria;Alphaproteobacteria;Pelagibacterales;Pelagibacterales clade IIa;Pelagibacterales subclade IIa_1;Pelagibacterales bacterium sp. PRT-SC02
2183179	Pelagibacterales	cellular organisms;Bacteria;Proteobacteria;Alphaproteobacteria;Pelagibacterales;Pelagibacterales clade IIa;Pelagibacterales subclade IIa_1;Pelagibacterales bacterium sp. TMED128
2183180	Pelagibacterales	cellular organisms;Bacteria;Proteobacteria;Alphaproteobacteria;Pelagibacterales;Pelagibacterales clade IIa;Pelagibacterales subclade IIa_1;Pelagibacterales bacterium sp. TMED216
2183181	Pelagibacterales	cellular organisms;Bacteria;Proteobacteria;Alphaproteobacteria;Pelagibacterales;Pelagibacterales clade IIa;Pelagibacterales subclade IIa_2;Pelagibacterales bacterium sp. AG-426-I15
2183182	Pelagibacterales	cellular organisms;Bacteria;Proteobacteria;Alphaproteobacteria;Pelagibacterales;Pelagibacterales clade IIa;Pelagibacterales subclade IIa_2;Pelagibacterales bacterium sp. MED769X
2183183	Pelagibacterales	cellular organisms;Bacteria;Proteobacteria;Alphaproteobacteria;Pelagibacterales;Pelagibacterales clade IIa;Pelagibacterales subclade IIa_2;Pelagibacterales bacterium sp. TMED196
2183185	Pelagibacterales	cellular organisms;Bacteria;Proteobacteria;Alphaproteobacteria;Pelagibacterales;Pelagibacterales clade IIIa;Pelagibacterales bacterium sp. CPC289
2183186	Pelagibacterales	cellular organisms;Bacteria;Proteobacteria;Alphaproteobacteria;Pelagibacterales;Pelagibacterales clade IIIa;Pelagibacterales bacterium sp. IMCC9063
2183187	Pelagibacterales	cellular organisms;Bacteria;Proteobacteria;Alphaproteobacteria;Pelagibacterales;Pelagibacterales clade IIIa;Pelagibacterales bacterium sp. MED817
2183189	Pelagibacterales	cellular organisms;Bacteria;Proteobacteria;Alphaproteobacteria;Pelagibacterales;Pelagibacterales clade IV;Pelagibacterales bacterium sp. ARS92
2183191	Pelagibacterales	cellular organisms;Bacteria;Proteobacteria;Alphaproteobacteria;Pelagibacterales;Pelagibacterales clade V;Pelagibacterales subclade Va;Pelagibacterales bacterium sp. NAT182
2183193	Pelagibacterales	cellular organisms;Bacteria;Proteobacteria;Alphaproteobacteria;Pelagibacterales;Pelagibacterales clade V;Pelagibacterales subclade Vb;Pelagibacterales bacterium sp. SP337
2183199	Pelagibacterales	cellular organisms;Bacteria;Proteobacteria;Alphaproteobacteria;Pelagibacterales;Pelagibacterales bacterium sp. TMED13
2183200	Pelagibacterales	cellular organisms;Bacteria;Proteobacteria;Alphaproteobacteria;Pelagibacterales;Pelagibacterales bacterium sp. TMED65
2183214	SAR86	cellular organisms;Bacteria;Proteobacteria;Gammaproteobacteria;unclassified Gammaproteobacteria;SAR86 cluster;SAR86 clade I;SAR86 subclade E;SAR86 subsubclade E.3;SAR86 sp. AG-313-N18
2183217	SAR86	cellular organisms;Bacteria;Proteobacteria;Gammaproteobacteria;unclassified Gammaproteobacteria;SAR86 cluster;SAR86 clade II;SAR86 sp. AG-359-O04
2183224	SAR86	cellular organisms;Bacteria;Proteobacteria;Gammaproteobacteria;unclassified Gammaproteobacteria;SAR86 cluster;SAR86 clade III;SAR86 subclade G;SAR86 subsubclade G.2;SAR86 sp. AG-339-G14
2183229	SAR116	cellular organisms;Bacteria;Proteobacteria;Alphaproteobacteria;unclassified Alphaproteobacteria;SAR116 cluster;SAR116 clade A;SAR116 subclade A.1;SAR116 subsubclade A.1.B;SAR116 sp. AG-325-K06
2183232	SAR116	cellular organisms;Bacteria;Proteobacteria;Alphaproteobacteria;unclassified Alphaproteobacteria;SAR116 cluster;SAR116 clade A;SAR116 subclade A.1;SAR116 subsubclade A.1.B;SAR116 sp. IMCC1322
2183243	SAR116	cellular organisms;Bacteria;Proteobacteria;Alphaproteobacteria;unclassified Alphaproteobacteria;SAR116 cluster;SAR116 clade C;SAR116 subclade C.1;SAR116 sp. AG-325-F22
2183245	SAR116	cellular organisms;Bacteria;Proteobacteria;Alphaproteobacteria;unclassified Alphaproteobacteria;SAR116 cluster;SAR116 clade C;SAR116 subclade C.2;SAR116 subsubclade C.2.A;SAR116 sp. AG-426-I14
2183249	SAR116	cellular organisms;Bacteria;Proteobacteria;Alphaproteobacteria;unclassified Alphaproteobacteria;SAR116 cluster;SAR116 clade D;SAR116 sp. AG-355-O21
2183255	Actinobacteria	cellular organisms;Bacteria;Terrabacteria group;Actinobacteria;Actinobacteria;unclassified Actinobacteria (class);marine Actinobacteria clade;environmental samples;uncultured actinobacterium OCS155;OCS155 sp. AG-349-E07
2183256	Actinobacteria	cellular organisms;Bacteria;Terrabacteria group;Actinobacteria;Actinobacteria;unclassified Actinobacteria (class);marine Actinobacteria clade;environmental samples;uncultured actinobacterium OCS155;OCS155 sp. AG-426-D23
2183257	Actinobacteria	cellular organisms;Bacteria;Terrabacteria group;Actinobacteria;Actinobacteria;unclassified Actinobacteria (class);marine Actinobacteria clade;environmental samples;uncultured actinobacterium OCS155;OCS155 sp. AG-430-M19
2183268	Deltaproteobacteria	cellular organisms;Bacteria;Proteobacteria;delta/epsilon subdivisions;Deltaproteobacteria;unclassified Deltaproteobacteria;SAR324 cluster;SAR324 sp. AG-319-J22
		
		
		
		